2024-06-06 00:00:00,0.000000

2024-06-06 00:01:00,0.841471

2024-06-06 00:02:00,0.909297

2024-06-06 00:03:00,0.141120

2024-06-06 00:04:00,-0.756802

2024-06-06 00:05:00,-0.958924

2024-06-06 00:06:00,-0.279415

2024-06-06 00:07:00,0.656987

2024-06-06 00:08:00,0.989358

2024-06-06 00:09:00,0.412118

2024-06-06 00:10:00,-0.544021

2024-06-06 00:11:00,-0.999990

2024-06-06 00:12:00,-0.536573

2024-06-06 00:13:00,0.420167

2024-06-06 00:14:00,0.990607

2024-06-06 00:15:00,0.650288

2024-06-06 00:16:00,-0.287903

2024-06-06 00:17:00,-0.961397

2024-06-06 00:18:00,-0.750987

2024-06-06 00:19:00,0.149877

2024-06-06 00:20:00,0.912945

2024-06-06 00:21:00,0.836656

2024-06-06 00:22:00,-0.008851

2024-06-06 00:23:00,-0.846220

2024-06-06 00:24:00,-0.905578

2024-06-06 00:25:00,-0.132352

2024-06-06 00:26:00,0.762558

2024-06-06 00:27:00,0.956376

2024-06-06 00:28:00,0.270906

2024-06-06 00:29:00,-0.663634

2024-06-06 00:30:00,-0.988032

2024-06-06 00:31:00,-0.404038

2024-06-06 00:32:00,0.551427

2024-06-06 00:33:00,0.999912

2024-06-06 00:34:00,0.529083

2024-06-06 00:35:00,-0.428183

2024-06-06 00:36:00,-0.991779

2024-06-06 00:37:00,-0.643538

2024-06-06 00:38:00,0.296369

2024-06-06 00:39:00,0.963795

2024-06-06 00:40:00,0.745113

2024-06-06 00:41:00,-0.158623

2024-06-06 00:42:00,-0.916522

2024-06-06 00:43:00,-0.831775

2024-06-06 00:44:00,0.017702

2024-06-06 00:45:00,0.850904

2024-06-06 00:46:00,0.901788

2024-06-06 00:47:00,0.123573

2024-06-06 00:48:00,-0.768255

2024-06-06 00:49:00,-0.953753

2024-06-06 00:50:00,-0.262375

2024-06-06 00:51:00,0.670229

2024-06-06 00:52:00,0.986628

2024-06-06 00:53:00,0.395925

2024-06-06 00:54:00,-0.558789

2024-06-06 00:55:00,-0.999755

2024-06-06 00:56:00,-0.521551

2024-06-06 00:57:00,0.436165

2024-06-06 00:58:00,0.992873

2024-06-06 00:59:00,0.636738

2024-06-06 01:00:00,-0.304811

2024-06-06 01:01:00,-0.966118

2024-06-06 01:02:00,-0.739181

2024-06-06 01:03:00,0.167356

2024-06-06 01:04:00,0.920026

2024-06-06 01:05:00,0.826829

2024-06-06 01:06:00,-0.026551

2024-06-06 01:07:00,-0.855520

2024-06-06 01:08:00,-0.897928

2024-06-06 01:09:00,-0.114785

2024-06-06 01:10:00,0.773891

2024-06-06 01:11:00,0.951055

2024-06-06 01:12:00,0.253823

2024-06-06 01:13:00,-0.676772

2024-06-06 01:14:00,-0.985146

2024-06-06 01:15:00,-0.387782

2024-06-06 01:16:00,0.566108

2024-06-06 01:17:00,0.999520

2024-06-06 01:18:00,0.513978

2024-06-06 01:19:00,-0.444113

2024-06-06 01:20:00,-0.993889

2024-06-06 01:21:00,-0.629888

2024-06-06 01:22:00,0.313229

2024-06-06 01:23:00,0.968364

2024-06-06 01:24:00,0.733190

2024-06-06 01:25:00,-0.176076

2024-06-06 01:26:00,-0.923458

2024-06-06 01:27:00,-0.821818

2024-06-06 01:28:00,0.035398

2024-06-06 01:29:00,0.860069

2024-06-06 01:30:00,0.893997

2024-06-06 01:31:00,0.105988

2024-06-06 01:32:00,-0.779466

2024-06-06 01:33:00,-0.948282

2024-06-06 01:34:00,-0.245252

2024-06-06 01:35:00,0.683262

2024-06-06 01:36:00,0.983588

2024-06-06 01:37:00,0.379608

2024-06-06 01:38:00,-0.573382

2024-06-06 01:39:00,-0.999207

2024-06-06 01:40:00,-0.506366

2024-06-06 01:41:00,0.452026

2024-06-06 01:42:00,0.994827

2024-06-06 01:43:00,0.622989

2024-06-06 01:44:00,-0.321622

2024-06-06 01:45:00,-0.970535

2024-06-06 01:46:00,-0.727143

2024-06-06 01:47:00,0.184782

2024-06-06 01:48:00,0.926819

2024-06-06 01:49:00,0.816743

2024-06-06 01:50:00,-0.044243

2024-06-06 01:51:00,-0.864551

2024-06-06 01:52:00,-0.889996

2024-06-06 01:53:00,-0.097182

2024-06-06 01:54:00,0.784980

2024-06-06 01:55:00,0.945435

2024-06-06 01:56:00,0.236661

2024-06-06 01:57:00,-0.689698

2024-06-06 01:58:00,-0.981952

2024-06-06 01:59:00,-0.371404

2024-06-06 02:00:00,0.580611

2024-06-06 02:01:00,0.998815

2024-06-06 02:02:00,0.498713

2024-06-06 02:03:00,-0.459903

2024-06-06 02:04:00,-0.995687

2024-06-06 02:05:00,-0.616040

2024-06-06 02:06:00,0.329991

2024-06-06 02:07:00,0.972630

2024-06-06 02:08:00,0.721038

2024-06-06 02:09:00,-0.193473

2024-06-06 02:10:00,-0.930106

2024-06-06 02:11:00,-0.811603

2024-06-06 02:12:00,0.053084

2024-06-06 02:13:00,0.868966

2024-06-06 02:14:00,0.885925

2024-06-06 02:15:00,0.088369

2024-06-06 02:16:00,-0.790433

2024-06-06 02:17:00,-0.942514

2024-06-06 02:18:00,-0.228052

2024-06-06 02:19:00,0.696080

2024-06-06 02:20:00,0.980240

2024-06-06 02:21:00,0.363171

2024-06-06 02:22:00,-0.587795

2024-06-06 02:23:00,-0.998345

2024-06-06 02:24:00,-0.491022

2024-06-06 02:25:00,0.467745

2024-06-06 02:26:00,0.996469

2024-06-06 02:27:00,0.609044

2024-06-06 02:28:00,-0.338333

2024-06-06 02:29:00,-0.974649

2024-06-06 02:30:00,-0.714876

2024-06-06 02:31:00,0.202150

2024-06-06 02:32:00,0.933321

2024-06-06 02:33:00,0.806401

2024-06-06 02:34:00,-0.061920

2024-06-06 02:35:00,-0.873312

2024-06-06 02:36:00,-0.881785

2024-06-06 02:37:00,-0.079549

2024-06-06 02:38:00,0.795824

2024-06-06 02:39:00,0.939520

2024-06-06 02:40:00,0.219425

2024-06-06 02:41:00,-0.702408

2024-06-06 02:42:00,-0.978450

2024-06-06 02:43:00,-0.354910

2024-06-06 02:44:00,0.594933

2024-06-06 02:45:00,0.997797

2024-06-06 02:46:00,0.483292

2024-06-06 02:47:00,-0.475550

2024-06-06 02:48:00,-0.997173

2024-06-06 02:49:00,-0.602000

2024-06-06 02:50:00,0.346649

2024-06-06 02:51:00,0.976591

2024-06-06 02:52:00,0.708659

2024-06-06 02:53:00,-0.210811

2024-06-06 02:54:00,-0.936462

2024-06-06 02:55:00,-0.801135

2024-06-06 02:56:00,0.070752

2024-06-06 02:57:00,0.877590

2024-06-06 02:58:00,0.877575

2024-06-06 02:59:00,0.070722

2024-06-06 03:00:00,-0.801153

2024-06-06 03:01:00,-0.936451

2024-06-06 03:02:00,-0.210781

2024-06-06 03:03:00,0.708680

2024-06-06 03:04:00,0.976584

2024-06-06 03:05:00,0.346621

2024-06-06 03:06:00,-0.602024

2024-06-06 03:07:00,-0.997171

2024-06-06 03:08:00,-0.475524

2024-06-06 03:09:00,0.483318

2024-06-06 03:10:00,0.997799

2024-06-06 03:11:00,0.594909

2024-06-06 03:12:00,-0.354938

2024-06-06 03:13:00,-0.978457

2024-06-06 03:14:00,-0.702386

2024-06-06 03:15:00,0.219455

2024-06-06 03:16:00,0.939530

2024-06-06 03:17:00,0.795806

2024-06-06 03:18:00,-0.079579

2024-06-06 03:19:00,-0.881799

2024-06-06 03:20:00,-0.873297

2024-06-06 03:21:00,-0.061890

2024-06-06 03:22:00,0.806418

2024-06-06 03:23:00,0.933310

2024-06-06 03:24:00,0.202120

2024-06-06 03:25:00,-0.714898

2024-06-06 03:26:00,-0.974642

2024-06-06 03:27:00,-0.338305

2024-06-06 03:28:00,0.609068

2024-06-06 03:29:00,0.996467

2024-06-06 03:30:00,0.467719

2024-06-06 03:31:00,-0.491048

2024-06-06 03:32:00,-0.998347

2024-06-06 03:33:00,-0.587771

2024-06-06 03:34:00,0.363199

2024-06-06 03:35:00,0.980246

2024-06-06 03:36:00,0.696058

2024-06-06 03:37:00,-0.228082

2024-06-06 03:38:00,-0.942525

2024-06-06 03:39:00,-0.790415

2024-06-06 03:40:00,0.088399

2024-06-06 03:41:00,0.885939

2024-06-06 03:42:00,0.868951

2024-06-06 03:43:00,0.053053

2024-06-06 03:44:00,-0.811621

2024-06-06 03:45:00,-0.930095

2024-06-06 03:46:00,-0.193444

2024-06-06 03:47:00,0.721059

2024-06-06 03:48:00,0.972623

2024-06-06 03:49:00,0.329962

2024-06-06 03:50:00,-0.616064

2024-06-06 03:51:00,-0.995684

2024-06-06 03:52:00,-0.459877

2024-06-06 03:53:00,0.498739

2024-06-06 03:54:00,0.998817

2024-06-06 03:55:00,0.580587

2024-06-06 03:56:00,-0.371432

2024-06-06 03:57:00,-0.981958

2024-06-06 03:58:00,-0.689676

2024-06-06 03:59:00,0.236691

2024-06-06 04:00:00,0.945445

2024-06-06 04:01:00,0.784962

2024-06-06 04:02:00,-0.097212

2024-06-06 04:03:00,-0.890009

2024-06-06 04:04:00,-0.864536

2024-06-06 04:05:00,-0.044213

2024-06-06 04:06:00,0.816760

2024-06-06 04:07:00,0.926807

2024-06-06 04:08:00,0.184752

2024-06-06 04:09:00,-0.727163

2024-06-06 04:10:00,-0.970528

2024-06-06 04:11:00,-0.321594

2024-06-06 04:12:00,0.623012

2024-06-06 04:13:00,0.994824

2024-06-06 04:14:00,0.451999

2024-06-06 04:15:00,-0.506392

2024-06-06 04:16:00,-0.999208

2024-06-06 04:17:00,-0.573357

2024-06-06 04:18:00,0.379636

2024-06-06 04:19:00,0.983593

2024-06-06 04:20:00,0.683240

2024-06-06 04:21:00,-0.245281

2024-06-06 04:22:00,-0.948292

2024-06-06 04:23:00,-0.779447

2024-06-06 04:24:00,0.106017

2024-06-06 04:25:00,0.894010

2024-06-06 04:26:00,0.860054

2024-06-06 04:27:00,0.035368

2024-06-06 04:28:00,-0.821835

2024-06-06 04:29:00,-0.923447

2024-06-06 04:30:00,-0.176046

2024-06-06 04:31:00,0.733211

2024-06-06 04:32:00,0.968357

2024-06-06 04:33:00,0.313200

2024-06-06 04:34:00,-0.629911

2024-06-06 04:35:00,-0.993885

2024-06-06 04:36:00,-0.444086

2024-06-06 04:37:00,0.514004

2024-06-06 04:38:00,0.999521

2024-06-06 04:39:00,0.566083

2024-06-06 04:40:00,-0.387809

2024-06-06 04:41:00,-0.985151

2024-06-06 04:42:00,-0.676750

2024-06-06 04:43:00,0.253853

2024-06-06 04:44:00,0.951064

2024-06-06 04:45:00,0.773872

2024-06-06 04:46:00,-0.114815

2024-06-06 04:47:00,-0.897941

2024-06-06 04:48:00,-0.855504

2024-06-06 04:49:00,-0.026521

2024-06-06 04:50:00,0.826846

2024-06-06 04:51:00,0.920014

2024-06-06 04:52:00,0.167326

2024-06-06 04:53:00,-0.739201

2024-06-06 04:54:00,-0.966110

2024-06-06 04:55:00,-0.304782

2024-06-06 04:56:00,0.636761

2024-06-06 04:57:00,0.992869

2024-06-06 04:58:00,0.436138

2024-06-06 04:59:00,-0.521577

2024-06-06 05:00:00,-0.999756

2024-06-06 05:01:00,-0.558764

2024-06-06 05:02:00,0.395953

2024-06-06 05:03:00,0.986633

2024-06-06 05:04:00,0.670207

2024-06-06 05:05:00,-0.262404

2024-06-06 05:06:00,-0.953762

2024-06-06 05:07:00,-0.768235

2024-06-06 05:08:00,0.123603

2024-06-06 05:09:00,0.901801

2024-06-06 05:10:00,0.850888

2024-06-06 05:11:00,0.017672

2024-06-06 05:12:00,-0.831791

2024-06-06 05:13:00,-0.916509

2024-06-06 05:14:00,-0.158593

2024-06-06 05:15:00,0.745133

2024-06-06 05:16:00,0.963787

2024-06-06 05:17:00,0.296340

2024-06-06 05:18:00,-0.643561

2024-06-06 05:19:00,-0.991775

2024-06-06 05:20:00,-0.428155

2024-06-06 05:21:00,0.529108

2024-06-06 05:22:00,0.999912

2024-06-06 05:23:00,0.551402

2024-06-06 05:24:00,-0.404065

2024-06-06 05:25:00,-0.988036

2024-06-06 05:26:00,-0.663611

2024-06-06 05:27:00,0.270935

2024-06-06 05:28:00,0.956385

2024-06-06 05:29:00,0.762539

2024-06-06 05:30:00,-0.132382

2024-06-06 05:31:00,-0.905591

2024-06-06 05:32:00,-0.846204

2024-06-06 05:33:00,-0.008821

2024-06-06 05:34:00,0.836672

2024-06-06 05:35:00,0.912933

2024-06-06 05:36:00,0.149847

2024-06-06 05:37:00,-0.751007

2024-06-06 05:38:00,-0.961389

2024-06-06 05:39:00,-0.287874

2024-06-06 05:40:00,0.650311

2024-06-06 05:41:00,0.990603

2024-06-06 05:42:00,0.420140

2024-06-06 05:43:00,-0.536598

2024-06-06 05:44:00,-0.999990

2024-06-06 05:45:00,-0.543996

2024-06-06 05:46:00,0.412146

2024-06-06 05:47:00,0.989363

2024-06-06 05:48:00,0.656964

2024-06-06 05:49:00,-0.279444

2024-06-06 05:50:00,-0.958933

2024-06-06 05:51:00,-0.756783

2024-06-06 05:52:00,0.141150

2024-06-06 05:53:00,0.909310

2024-06-06 05:54:00,0.841455

2024-06-06 05:55:00,-0.000030

2024-06-06 05:56:00,-0.841487

2024-06-06 05:57:00,-0.909285

2024-06-06 05:58:00,-0.141090

2024-06-06 05:59:00,0.756822

2024-06-06 06:00:00,0.958916

2024-06-06 06:01:00,0.279387

2024-06-06 06:02:00,-0.657009

2024-06-06 06:03:00,-0.989354

2024-06-06 06:04:00,-0.412091

2024-06-06 06:05:00,0.544046

2024-06-06 06:06:00,0.999990

2024-06-06 06:07:00,0.536547

2024-06-06 06:08:00,-0.420194

2024-06-06 06:09:00,-0.990611

2024-06-06 06:10:00,-0.650265

2024-06-06 06:11:00,0.287932

2024-06-06 06:12:00,0.961406

2024-06-06 06:13:00,0.750967

2024-06-06 06:14:00,-0.149907

2024-06-06 06:15:00,-0.912958

2024-06-06 06:16:00,-0.836639

2024-06-06 06:17:00,0.008881

2024-06-06 06:18:00,0.846236

2024-06-06 06:19:00,0.905566

2024-06-06 06:20:00,0.132322

2024-06-06 06:21:00,-0.762578

2024-06-06 06:22:00,-0.956367

2024-06-06 06:23:00,-0.270877

2024-06-06 06:24:00,0.663656

2024-06-06 06:25:00,0.988027

2024-06-06 06:26:00,0.404010

2024-06-06 06:27:00,-0.551452

2024-06-06 06:28:00,-0.999911

2024-06-06 06:29:00,-0.529057

2024-06-06 06:30:00,0.428210

2024-06-06 06:31:00,0.991783

2024-06-06 06:32:00,0.643515

2024-06-06 06:33:00,-0.296397

2024-06-06 06:34:00,-0.963803

2024-06-06 06:35:00,-0.745093

2024-06-06 06:36:00,0.158652

2024-06-06 06:37:00,0.916534

2024-06-06 06:38:00,0.831758

2024-06-06 06:39:00,-0.017732

2024-06-06 06:40:00,-0.850919

2024-06-06 06:41:00,-0.901775

2024-06-06 06:42:00,-0.123543

2024-06-06 06:43:00,0.768274

2024-06-06 06:44:00,0.953744

2024-06-06 06:45:00,0.262346

2024-06-06 06:46:00,-0.670252

2024-06-06 06:47:00,-0.986623

2024-06-06 06:48:00,-0.395897

2024-06-06 06:49:00,0.558814

2024-06-06 06:50:00,0.999755

2024-06-06 06:51:00,0.521525

2024-06-06 06:52:00,-0.436192

2024-06-06 06:53:00,-0.992876

2024-06-06 06:54:00,-0.636715

2024-06-06 06:55:00,0.304839

2024-06-06 06:56:00,0.966126

2024-06-06 06:57:00,0.739160

2024-06-06 06:58:00,-0.167385

2024-06-06 06:59:00,-0.920038

2024-06-06 07:00:00,-0.826812

2024-06-06 07:01:00,0.026581

2024-06-06 07:02:00,0.855536

2024-06-06 07:03:00,0.897914

2024-06-06 07:04:00,0.114755

2024-06-06 07:05:00,-0.773910

2024-06-06 07:06:00,-0.951045

2024-06-06 07:07:00,-0.253794

2024-06-06 07:08:00,0.676794

2024-06-06 07:09:00,0.985141

2024-06-06 07:10:00,0.387754

2024-06-06 07:11:00,-0.566132

2024-06-06 07:12:00,-0.999519

2024-06-06 07:13:00,-0.513953

2024-06-06 07:14:00,0.444140

2024-06-06 07:15:00,0.993892

2024-06-06 07:16:00,0.629865

2024-06-06 07:17:00,-0.313257

2024-06-06 07:18:00,-0.968372

2024-06-06 07:19:00,-0.733170

2024-06-06 07:20:00,0.176105

2024-06-06 07:21:00,0.923470

2024-06-06 07:22:00,0.821801

2024-06-06 07:23:00,-0.035428

2024-06-06 07:24:00,-0.860085

2024-06-06 07:25:00,-0.893983

2024-06-06 07:26:00,-0.105958

2024-06-06 07:27:00,0.779485

2024-06-06 07:28:00,0.948273

2024-06-06 07:29:00,0.245223

2024-06-06 07:30:00,-0.683284

2024-06-06 07:31:00,-0.983582

2024-06-06 07:32:00,-0.379580

2024-06-06 07:33:00,0.573407

2024-06-06 07:34:00,0.999206

2024-06-06 07:35:00,0.506340

2024-06-06 07:36:00,-0.452053

2024-06-06 07:37:00,-0.994830

2024-06-06 07:38:00,-0.622965

2024-06-06 07:39:00,0.321651

2024-06-06 07:40:00,0.970543

2024-06-06 07:41:00,0.727122

2024-06-06 07:42:00,-0.184811

2024-06-06 07:43:00,-0.926830

2024-06-06 07:44:00,-0.816725

2024-06-06 07:45:00,0.044273

2024-06-06 07:46:00,0.864567

2024-06-06 07:47:00,0.889982

2024-06-06 07:48:00,0.097152

2024-06-06 07:49:00,-0.784999

2024-06-06 07:50:00,-0.945426

2024-06-06 07:51:00,-0.236632

2024-06-06 07:52:00,0.689720

2024-06-06 07:53:00,0.981946

2024-06-06 07:54:00,0.371376

2024-06-06 07:55:00,-0.580636

2024-06-06 07:56:00,-0.998814

2024-06-06 07:57:00,-0.498687

2024-06-06 07:58:00,0.459930

2024-06-06 07:59:00,0.995690

2024-06-06 08:00:00,0.616017

2024-06-06 08:01:00,-0.330019

2024-06-06 08:02:00,-0.972637

2024-06-06 08:03:00,-0.721017

2024-06-06 08:04:00,0.193503

2024-06-06 08:05:00,0.930117

2024-06-06 08:06:00,0.811586

2024-06-06 08:07:00,-0.053114

2024-06-06 08:08:00,-0.868981

2024-06-06 08:09:00,-0.885911

2024-06-06 08:10:00,-0.088339

2024-06-06 08:11:00,0.790452

2024-06-06 08:12:00,0.942504

2024-06-06 08:13:00,0.228023

2024-06-06 08:14:00,-0.696102

2024-06-06 08:15:00,-0.980234

2024-06-06 08:16:00,-0.363143

2024-06-06 08:17:00,0.587819

2024-06-06 08:18:00,0.998344

2024-06-06 08:19:00,0.490995

2024-06-06 08:20:00,-0.467772

2024-06-06 08:21:00,-0.996472

2024-06-06 08:22:00,-0.609020

2024-06-06 08:23:00,0.338362

2024-06-06 08:24:00,0.974655

2024-06-06 08:25:00,0.714855

2024-06-06 08:26:00,-0.202179

2024-06-06 08:27:00,-0.933331

2024-06-06 08:28:00,-0.806383

2024-06-06 08:29:00,0.061950

2024-06-06 08:30:00,0.873327

2024-06-06 08:31:00,0.881770

2024-06-06 08:32:00,0.079518

2024-06-06 08:33:00,-0.795842

2024-06-06 08:34:00,-0.939509

2024-06-06 08:35:00,-0.219396

2024-06-06 08:36:00,0.702429

2024-06-06 08:37:00,0.978444

2024-06-06 08:38:00,0.354882

2024-06-06 08:39:00,-0.594957

2024-06-06 08:40:00,-0.997795

2024-06-06 08:41:00,-0.483265

2024-06-06 08:42:00,0.475577

2024-06-06 08:43:00,0.997176

2024-06-06 08:44:00,0.601976

2024-06-06 08:45:00,-0.346678

2024-06-06 08:46:00,-0.976597

2024-06-06 08:47:00,-0.708638

2024-06-06 08:48:00,0.210840

2024-06-06 08:49:00,0.936473

2024-06-06 08:50:00,0.801117

2024-06-06 08:51:00,-0.070782

2024-06-06 08:52:00,-0.877604

2024-06-06 08:53:00,-0.877561

2024-06-06 08:54:00,-0.070692

2024-06-06 08:55:00,0.801171

2024-06-06 08:56:00,0.936441

2024-06-06 08:57:00,0.210752

2024-06-06 08:58:00,-0.708702

2024-06-06 08:59:00,-0.976578

2024-06-06 09:00:00,-0.346593

2024-06-06 09:01:00,0.602048

2024-06-06 09:02:00,0.997169

2024-06-06 09:03:00,0.475497

2024-06-06 09:04:00,-0.483344

2024-06-06 09:05:00,-0.997801

2024-06-06 09:06:00,-0.594884

2024-06-06 09:07:00,0.354967

2024-06-06 09:08:00,0.978463

2024-06-06 09:09:00,0.702365

2024-06-06 09:10:00,-0.219484

2024-06-06 09:11:00,-0.939540

2024-06-06 09:12:00,-0.795788

2024-06-06 09:13:00,0.079609

2024-06-06 09:14:00,0.881813

2024-06-06 09:15:00,0.873283

2024-06-06 09:16:00,0.061860

2024-06-06 09:17:00,-0.806436

2024-06-06 09:18:00,-0.933299

2024-06-06 09:19:00,-0.202091

2024-06-06 09:20:00,0.714919

2024-06-06 09:21:00,0.974635

2024-06-06 09:22:00,0.338277

2024-06-06 09:23:00,-0.609092

2024-06-06 09:24:00,-0.996464

2024-06-06 09:25:00,-0.467692

2024-06-06 09:26:00,0.491074

2024-06-06 09:27:00,0.998349

2024-06-06 09:28:00,0.587746

2024-06-06 09:29:00,-0.363228

2024-06-06 09:30:00,-0.980252

2024-06-06 09:31:00,-0.696037

2024-06-06 09:32:00,0.228111

2024-06-06 09:33:00,0.942535

2024-06-06 09:34:00,0.790396

2024-06-06 09:35:00,-0.088429

2024-06-06 09:36:00,-0.885953

2024-06-06 09:37:00,-0.868936

2024-06-06 09:38:00,-0.053023

2024-06-06 09:39:00,0.811639

2024-06-06 09:40:00,0.930084

2024-06-06 09:41:00,0.193414

2024-06-06 09:42:00,-0.721079

2024-06-06 09:43:00,-0.972616

2024-06-06 09:44:00,-0.329934

2024-06-06 09:45:00,0.616088

2024-06-06 09:46:00,0.995681

2024-06-06 09:47:00,0.459850

2024-06-06 09:48:00,-0.498765

2024-06-06 09:49:00,-0.998818

2024-06-06 09:50:00,-0.580562

2024-06-06 09:51:00,0.371460

2024-06-06 09:52:00,0.981964

2024-06-06 09:53:00,0.689654

2024-06-06 09:54:00,-0.236720

2024-06-06 09:55:00,-0.945455

2024-06-06 09:56:00,-0.784943

2024-06-06 09:57:00,0.097242

2024-06-06 09:58:00,0.890023

2024-06-06 09:59:00,0.864521

2024-06-06 10:00:00,0.044182

2024-06-06 10:01:00,-0.816777

2024-06-06 10:02:00,-0.926796

2024-06-06 10:03:00,-0.184722

2024-06-06 10:04:00,0.727184

2024-06-06 10:05:00,0.970521

2024-06-06 10:06:00,0.321565

2024-06-06 10:07:00,-0.623036

2024-06-06 10:08:00,-0.994821

2024-06-06 10:09:00,-0.451972

2024-06-06 10:10:00,0.506418

2024-06-06 10:11:00,0.999209

2024-06-06 10:12:00,0.573332

2024-06-06 10:13:00,-0.379664

2024-06-06 10:14:00,-0.983599

2024-06-06 10:15:00,-0.683218

2024-06-06 10:16:00,0.245310

2024-06-06 10:17:00,0.948301

2024-06-06 10:18:00,0.779428

2024-06-06 10:19:00,-0.106047

2024-06-06 10:20:00,-0.894024

2024-06-06 10:21:00,-0.860039

2024-06-06 10:22:00,-0.035338

2024-06-06 10:23:00,0.821852

2024-06-06 10:24:00,0.923435

2024-06-06 10:25:00,0.176016

2024-06-06 10:26:00,-0.733231

2024-06-06 10:27:00,-0.968349

2024-06-06 10:28:00,-0.313172

2024-06-06 10:29:00,0.629935

2024-06-06 10:30:00,0.993882

2024-06-06 10:31:00,0.444059

2024-06-06 10:32:00,-0.514030

2024-06-06 10:33:00,-0.999522

2024-06-06 10:34:00,-0.566058

2024-06-06 10:35:00,0.387837

2024-06-06 10:36:00,0.985157

2024-06-06 10:37:00,0.676728

2024-06-06 10:38:00,-0.253882

2024-06-06 10:39:00,-0.951073

2024-06-06 10:40:00,-0.773852

2024-06-06 10:41:00,0.114845

2024-06-06 10:42:00,0.897954

2024-06-06 10:43:00,0.855489

2024-06-06 10:44:00,0.026491

2024-06-06 10:45:00,-0.826863

2024-06-06 10:46:00,-0.920002

2024-06-06 10:47:00,-0.167296

2024-06-06 10:48:00,0.739221

2024-06-06 10:49:00,0.966102

2024-06-06 10:50:00,0.304753

2024-06-06 10:51:00,-0.636784

2024-06-06 10:52:00,-0.992865

2024-06-06 10:53:00,-0.436111

2024-06-06 10:54:00,0.521602

2024-06-06 10:55:00,0.999757

2024-06-06 10:56:00,0.558739

2024-06-06 10:57:00,-0.395981

2024-06-06 10:58:00,-0.986637

2024-06-06 10:59:00,-0.670184

2024-06-06 11:00:00,0.262433

2024-06-06 11:01:00,0.953771

2024-06-06 11:02:00,0.768216

2024-06-06 11:03:00,-0.123633

2024-06-06 11:04:00,-0.901814

2024-06-06 11:05:00,-0.850872

2024-06-06 11:06:00,-0.017642

2024-06-06 11:07:00,0.831808

2024-06-06 11:08:00,0.916497

2024-06-06 11:09:00,0.158563

2024-06-06 11:10:00,-0.745153

2024-06-06 11:11:00,-0.963779

2024-06-06 11:12:00,-0.296311

2024-06-06 11:13:00,0.643584

2024-06-06 11:14:00,0.991771

2024-06-06 11:15:00,0.428128

2024-06-06 11:16:00,-0.529134

2024-06-06 11:17:00,-0.999913

2024-06-06 11:18:00,-0.551376

2024-06-06 11:19:00,0.404093

2024-06-06 11:20:00,0.988041

2024-06-06 11:21:00,0.663589

2024-06-06 11:22:00,-0.270964

2024-06-06 11:23:00,-0.956394

2024-06-06 11:24:00,-0.762519

2024-06-06 11:25:00,0.132412

2024-06-06 11:26:00,0.905604

2024-06-06 11:27:00,0.846188

2024-06-06 11:28:00,0.008791

2024-06-06 11:29:00,-0.836689

2024-06-06 11:30:00,-0.912921

2024-06-06 11:31:00,-0.149818

2024-06-06 11:32:00,0.751027

2024-06-06 11:33:00,0.961381

2024-06-06 11:34:00,0.287846

2024-06-06 11:35:00,-0.650334

2024-06-06 11:36:00,-0.990599

2024-06-06 11:37:00,-0.420112

2024-06-06 11:38:00,0.536624

2024-06-06 11:39:00,0.999990

2024-06-06 11:40:00,0.543971

2024-06-06 11:41:00,-0.412173

2024-06-06 11:42:00,-0.989367

2024-06-06 11:43:00,-0.656941

2024-06-06 11:44:00,0.279473

2024-06-06 11:45:00,0.958941

2024-06-06 11:46:00,0.756763

2024-06-06 11:47:00,-0.141180

2024-06-06 11:48:00,-0.909323

2024-06-06 11:49:00,-0.841438

2024-06-06 11:50:00,0.000060

2024-06-06 11:51:00,0.841504

2024-06-06 11:52:00,0.909272

2024-06-06 11:53:00,0.141060

2024-06-06 11:54:00,-0.756842

2024-06-06 11:55:00,-0.958907

2024-06-06 11:56:00,-0.279358

2024-06-06 11:57:00,0.657032

2024-06-06 11:58:00,0.989349

2024-06-06 11:59:00,0.412064

2024-06-06 12:00:00,-0.544072

2024-06-06 12:01:00,-0.999990

2024-06-06 12:02:00,-0.536522

2024-06-06 12:03:00,0.420222

2024-06-06 12:04:00,0.990616

2024-06-06 12:05:00,0.650242

2024-06-06 12:06:00,-0.287961

2024-06-06 12:07:00,-0.961414

2024-06-06 12:08:00,-0.750947

2024-06-06 12:09:00,0.149937

2024-06-06 12:10:00,0.912970

2024-06-06 12:11:00,0.836623

2024-06-06 12:12:00,-0.008912

2024-06-06 12:13:00,-0.846253

2024-06-06 12:14:00,-0.905553

2024-06-06 12:15:00,-0.132292

2024-06-06 12:16:00,0.762597

2024-06-06 12:17:00,0.956358

2024-06-06 12:18:00,0.270848

2024-06-06 12:19:00,-0.663679

2024-06-06 12:20:00,-0.988022

2024-06-06 12:21:00,-0.403982

2024-06-06 12:22:00,0.551477

2024-06-06 12:23:00,0.999911

2024-06-06 12:24:00,0.529032

2024-06-06 12:25:00,-0.428237

2024-06-06 12:26:00,-0.991787

2024-06-06 12:27:00,-0.643492

2024-06-06 12:28:00,0.296426

2024-06-06 12:29:00,0.963811

2024-06-06 12:30:00,0.745073

2024-06-06 12:31:00,-0.158682

2024-06-06 12:32:00,-0.916546

2024-06-06 12:33:00,-0.831741

2024-06-06 12:34:00,0.017762

2024-06-06 12:35:00,0.850935

2024-06-06 12:36:00,0.901762

2024-06-06 12:37:00,0.123513

2024-06-06 12:38:00,-0.768293

2024-06-06 12:39:00,-0.953735

2024-06-06 12:40:00,-0.262317

2024-06-06 12:41:00,0.670274

2024-06-06 12:42:00,0.986618

2024-06-06 12:43:00,0.395870

2024-06-06 12:44:00,-0.558839

2024-06-06 12:45:00,-0.999754

2024-06-06 12:46:00,-0.521500

2024-06-06 12:47:00,0.436219

2024-06-06 12:48:00,0.992880

2024-06-06 12:49:00,0.636692

2024-06-06 12:50:00,-0.304868

2024-06-06 12:51:00,-0.966133

2024-06-06 12:52:00,-0.739140

2024-06-06 12:53:00,0.167415

2024-06-06 12:54:00,0.920050

2024-06-06 12:55:00,0.826795

2024-06-06 12:56:00,-0.026611

2024-06-06 12:57:00,-0.855551

2024-06-06 12:58:00,-0.897901

2024-06-06 12:59:00,-0.114725

2024-06-06 13:00:00,0.773929

2024-06-06 13:01:00,0.951036

2024-06-06 13:02:00,0.253765

2024-06-06 13:03:00,-0.676816

2024-06-06 13:04:00,-0.985136

2024-06-06 13:05:00,-0.387726

2024-06-06 13:06:00,0.566157

2024-06-06 13:07:00,0.999518

2024-06-06 13:08:00,0.513927

2024-06-06 13:09:00,-0.444167

2024-06-06 13:10:00,-0.993895

2024-06-06 13:11:00,-0.629841

2024-06-06 13:12:00,0.313286

2024-06-06 13:13:00,0.968380

2024-06-06 13:14:00,0.733149

2024-06-06 13:15:00,-0.176135

2024-06-06 13:16:00,-0.923482

2024-06-06 13:17:00,-0.821783

2024-06-06 13:18:00,0.035459

2024-06-06 13:19:00,0.860100

2024-06-06 13:20:00,0.893970

2024-06-06 13:21:00,0.105928

2024-06-06 13:22:00,-0.779504

2024-06-06 13:23:00,-0.948263

2024-06-06 13:24:00,-0.245194

2024-06-06 13:25:00,0.683306

2024-06-06 13:26:00,0.983577

2024-06-06 13:27:00,0.379552

2024-06-06 13:28:00,-0.573431

2024-06-06 13:29:00,-0.999204

2024-06-06 13:30:00,-0.506314

2024-06-06 13:31:00,0.452080

2024-06-06 13:32:00,0.994833

2024-06-06 13:33:00,0.622941

2024-06-06 13:34:00,-0.321679

2024-06-06 13:35:00,-0.970550

2024-06-06 13:36:00,-0.727101

2024-06-06 13:37:00,0.184841

2024-06-06 13:38:00,0.926841

2024-06-06 13:39:00,0.816708

2024-06-06 13:40:00,-0.044303

2024-06-06 13:41:00,-0.864582

2024-06-06 13:42:00,-0.889968

2024-06-06 13:43:00,-0.097122

2024-06-06 13:44:00,0.785018

2024-06-06 13:45:00,0.945416

2024-06-06 13:46:00,0.236603

2024-06-06 13:47:00,-0.689742

2024-06-06 13:48:00,-0.981941

2024-06-06 13:49:00,-0.371348

2024-06-06 13:50:00,0.580660

2024-06-06 13:51:00,0.998812

2024-06-06 13:52:00,0.498661

2024-06-06 13:53:00,-0.459957

2024-06-06 13:54:00,-0.995693

2024-06-06 13:55:00,-0.615993

2024-06-06 13:56:00,0.330048

2024-06-06 13:57:00,0.972644

2024-06-06 13:58:00,0.720996

2024-06-06 13:59:00,-0.193533

2024-06-06 14:00:00,-0.930128

2024-06-06 14:01:00,-0.811568

2024-06-06 14:02:00,0.053144

2024-06-06 14:03:00,0.868996

2024-06-06 14:04:00,0.885897

2024-06-06 14:05:00,0.088309

2024-06-06 14:06:00,-0.790470

2024-06-06 14:07:00,-0.942494

2024-06-06 14:08:00,-0.227994

2024-06-06 14:09:00,0.696123

2024-06-06 14:10:00,0.980228

2024-06-06 14:11:00,0.363115

2024-06-06 14:12:00,-0.587844

2024-06-06 14:13:00,-0.998342

2024-06-06 14:14:00,-0.490969

2024-06-06 14:15:00,0.467798

2024-06-06 14:16:00,0.996474

2024-06-06 14:17:00,0.608996

2024-06-06 14:18:00,-0.338390

2024-06-06 14:19:00,-0.974662

2024-06-06 14:20:00,-0.714834

2024-06-06 14:21:00,0.202209

2024-06-06 14:22:00,0.933342

2024-06-06 14:23:00,0.806365

2024-06-06 14:24:00,-0.061981

2024-06-06 14:25:00,-0.873341

2024-06-06 14:26:00,-0.881756

2024-06-06 14:27:00,-0.079488

2024-06-06 14:28:00,0.795861

2024-06-06 14:29:00,0.939499

2024-06-06 14:30:00,0.219366

2024-06-06 14:31:00,-0.702451

2024-06-06 14:32:00,-0.978438

2024-06-06 14:33:00,-0.354854

2024-06-06 14:34:00,0.594981

2024-06-06 14:35:00,0.997793

2024-06-06 14:36:00,0.483239

2024-06-06 14:37:00,-0.475603

2024-06-06 14:38:00,-0.997178

2024-06-06 14:39:00,-0.601952

2024-06-06 14:40:00,0.346706

2024-06-06 14:41:00,0.976604

2024-06-06 14:42:00,0.708617

2024-06-06 14:43:00,-0.210869

2024-06-06 14:44:00,-0.936483

2024-06-06 14:45:00,-0.801099

2024-06-06 14:46:00,0.070812

2024-06-06 14:47:00,0.877619

2024-06-06 14:48:00,0.877546

2024-06-06 14:49:00,0.070662

2024-06-06 14:50:00,-0.801189

2024-06-06 14:51:00,-0.936430

2024-06-06 14:52:00,-0.210722

2024-06-06 14:53:00,0.708723

2024-06-06 14:54:00,0.976571

2024-06-06 14:55:00,0.346565

2024-06-06 14:56:00,-0.602072

2024-06-06 14:57:00,-0.997166

2024-06-06 14:58:00,-0.475471

2024-06-06 14:59:00,0.483371

2024-06-06 15:00:00,0.997803

2024-06-06 15:01:00,0.594860

2024-06-06 15:02:00,-0.354995

2024-06-06 15:03:00,-0.978469

2024-06-06 15:04:00,-0.702343

2024-06-06 15:05:00,0.219513

2024-06-06 15:06:00,0.939551

2024-06-06 15:07:00,0.795769

2024-06-06 15:08:00,-0.079639

2024-06-06 15:09:00,-0.881827

2024-06-06 15:10:00,-0.873268

2024-06-06 15:11:00,-0.061830

2024-06-06 15:12:00,0.806454

2024-06-06 15:13:00,0.933288

2024-06-06 15:14:00,0.202061

2024-06-06 15:15:00,-0.714940

2024-06-06 15:16:00,-0.974628

2024-06-06 15:17:00,-0.338248

2024-06-06 15:18:00,0.609116

2024-06-06 15:19:00,0.996462

2024-06-06 15:20:00,0.467665

2024-06-06 15:21:00,-0.491100

2024-06-06 15:22:00,-0.998351

2024-06-06 15:23:00,-0.587722

2024-06-06 15:24:00,0.363256

2024-06-06 15:25:00,0.980258

2024-06-06 15:26:00,0.696015

2024-06-06 15:27:00,-0.228140

2024-06-06 15:28:00,-0.942545

2024-06-06 15:29:00,-0.790378

2024-06-06 15:30:00,0.088459

2024-06-06 15:31:00,0.885967

2024-06-06 15:32:00,0.868921

2024-06-06 15:33:00,0.052993

2024-06-06 15:34:00,-0.811656

2024-06-06 15:35:00,-0.930073

2024-06-06 15:36:00,-0.193385

2024-06-06 15:37:00,0.721100

2024-06-06 15:38:00,0.972609

2024-06-06 15:39:00,0.329905

2024-06-06 15:40:00,-0.616112

2024-06-06 15:41:00,-0.995679

2024-06-06 15:42:00,-0.459823

2024-06-06 15:43:00,0.498792

2024-06-06 15:44:00,0.998820

2024-06-06 15:45:00,0.580538

2024-06-06 15:46:00,-0.371488

2024-06-06 15:47:00,-0.981969

2024-06-06 15:48:00,-0.689632

2024-06-06 15:49:00,0.236749

2024-06-06 15:50:00,0.945465

2024-06-06 15:51:00,0.784924

2024-06-06 15:52:00,-0.097272

2024-06-06 15:53:00,-0.890037

2024-06-06 15:54:00,-0.864506

2024-06-06 15:55:00,-0.044152

2024-06-06 15:56:00,0.816795

2024-06-06 15:57:00,0.926785

2024-06-06 15:58:00,0.184693

2024-06-06 15:59:00,-0.727205

2024-06-06 16:00:00,-0.970513

2024-06-06 16:01:00,-0.321537

2024-06-06 16:02:00,0.623059

2024-06-06 16:03:00,0.994818

2024-06-06 16:04:00,0.451945

2024-06-06 16:05:00,-0.506444

2024-06-06 16:06:00,-0.999210

2024-06-06 16:07:00,-0.573308

2024-06-06 16:08:00,0.379691

2024-06-06 16:09:00,0.983604

2024-06-06 16:10:00,0.683196

2024-06-06 16:11:00,-0.245340

2024-06-06 16:12:00,-0.948311

2024-06-06 16:13:00,-0.779409

2024-06-06 16:14:00,0.106077

2024-06-06 16:15:00,0.894037

2024-06-06 16:16:00,0.860023

2024-06-06 16:17:00,0.035308

2024-06-06 16:18:00,-0.821869

2024-06-06 16:19:00,-0.923424

2024-06-06 16:20:00,-0.175987

2024-06-06 16:21:00,0.733252

2024-06-06 16:22:00,0.968342

2024-06-06 16:23:00,0.313143

2024-06-06 16:24:00,-0.629958

2024-06-06 16:25:00,-0.993879

2024-06-06 16:26:00,-0.444032

2024-06-06 16:27:00,0.514056

2024-06-06 16:28:00,0.999523

2024-06-06 16:29:00,0.566033

2024-06-06 16:30:00,-0.387865

2024-06-06 16:31:00,-0.985162

2024-06-06 16:32:00,-0.676705

2024-06-06 16:33:00,0.253911

2024-06-06 16:34:00,0.951083

2024-06-06 16:35:00,0.773833

2024-06-06 16:36:00,-0.114875

2024-06-06 16:37:00,-0.897967

2024-06-06 16:38:00,-0.855473

2024-06-06 16:39:00,-0.026461

2024-06-06 16:40:00,0.826880

2024-06-06 16:41:00,0.919991

2024-06-06 16:42:00,0.167267

2024-06-06 16:43:00,-0.739242

2024-06-06 16:44:00,-0.966094

2024-06-06 16:45:00,-0.304724

2024-06-06 16:46:00,0.636808

2024-06-06 16:47:00,0.992862

2024-06-06 16:48:00,0.436083

2024-06-06 16:49:00,-0.521628

2024-06-06 16:50:00,-0.999757

2024-06-06 16:51:00,-0.558714

2024-06-06 16:52:00,0.396008

2024-06-06 16:53:00,0.986642

2024-06-06 16:54:00,0.670162

2024-06-06 16:55:00,-0.262462

2024-06-06 16:56:00,-0.953780

2024-06-06 16:57:00,-0.768197

2024-06-06 16:58:00,0.123663

2024-06-06 16:59:00,0.901827

2024-06-06 17:00:00,0.850856

2024-06-06 17:01:00,0.017612

2024-06-06 17:02:00,-0.831825

2024-06-06 17:03:00,-0.916485

2024-06-06 17:04:00,-0.158533

2024-06-06 17:05:00,0.745173

2024-06-06 17:06:00,0.963771

2024-06-06 17:07:00,0.296282

2024-06-06 17:08:00,-0.643607

2024-06-06 17:09:00,-0.991767

2024-06-06 17:10:00,-0.428101

2024-06-06 17:11:00,0.529159

2024-06-06 17:12:00,0.999913

2024-06-06 17:13:00,0.551351

2024-06-06 17:14:00,-0.404120

2024-06-06 17:15:00,-0.988046

2024-06-06 17:16:00,-0.663566

2024-06-06 17:17:00,0.270993

2024-06-06 17:18:00,0.956402

2024-06-06 17:19:00,0.762500

2024-06-06 17:20:00,-0.132441

2024-06-06 17:21:00,-0.905617

2024-06-06 17:22:00,-0.846172

2024-06-06 17:23:00,-0.008761

2024-06-06 17:24:00,0.836705

2024-06-06 17:25:00,0.912908

2024-06-06 17:26:00,0.149788

2024-06-06 17:27:00,-0.751047

2024-06-06 17:28:00,-0.961373

2024-06-06 17:29:00,-0.287817

2024-06-06 17:30:00,0.650357

2024-06-06 17:31:00,0.990595

2024-06-06 17:32:00,0.420085

2024-06-06 17:33:00,-0.536649

2024-06-06 17:34:00,-0.999991

2024-06-06 17:35:00,-0.543945

2024-06-06 17:36:00,0.412201

2024-06-06 17:37:00,0.989371

2024-06-06 17:38:00,0.656918

2024-06-06 17:39:00,-0.279502

2024-06-06 17:40:00,-0.958950

2024-06-06 17:41:00,-0.756743

2024-06-06 17:42:00,0.141210

2024-06-06 17:43:00,0.909335

2024-06-06 17:44:00,0.841422

2024-06-06 17:45:00,-0.000090

2024-06-06 17:46:00,-0.841520

2024-06-06 17:47:00,-0.909260

2024-06-06 17:48:00,-0.141030

2024-06-06 17:49:00,0.756862

2024-06-06 17:50:00,0.958899

2024-06-06 17:51:00,0.279329

2024-06-06 17:52:00,-0.657055

2024-06-06 17:53:00,-0.989345

2024-06-06 17:54:00,-0.412036

2024-06-06 17:55:00,0.544097

2024-06-06 17:56:00,0.999990

2024-06-06 17:57:00,0.536497

2024-06-06 17:58:00,-0.420249

2024-06-06 17:59:00,-0.990620

2024-06-06 18:00:00,-0.650219

2024-06-06 18:01:00,0.287990

2024-06-06 18:02:00,0.961422

2024-06-06 18:03:00,0.750928

2024-06-06 18:04:00,-0.149967

2024-06-06 18:05:00,-0.912982

2024-06-06 18:06:00,-0.836606

2024-06-06 18:07:00,0.008942

2024-06-06 18:08:00,0.846269

2024-06-06 18:09:00,0.905540

2024-06-06 18:10:00,0.132262

2024-06-06 18:11:00,-0.762617

2024-06-06 18:12:00,-0.956350

2024-06-06 18:13:00,-0.270819

2024-06-06 18:14:00,0.663702

2024-06-06 18:15:00,0.988018

2024-06-06 18:16:00,0.403955

2024-06-06 18:17:00,-0.551502

2024-06-06 18:18:00,-0.999911

2024-06-06 18:19:00,-0.529006

2024-06-06 18:20:00,0.428264

2024-06-06 18:21:00,0.991790

2024-06-06 18:22:00,0.643469

2024-06-06 18:23:00,-0.296455

2024-06-06 18:24:00,-0.963819

2024-06-06 18:25:00,-0.745053

2024-06-06 18:26:00,0.158712

2024-06-06 18:27:00,0.916558

2024-06-06 18:28:00,0.831725

2024-06-06 18:29:00,-0.017792

2024-06-06 18:30:00,-0.850951

2024-06-06 18:31:00,-0.901749

2024-06-06 18:32:00,-0.123483

2024-06-06 18:33:00,0.768313

2024-06-06 18:34:00,0.953725

2024-06-06 18:35:00,0.262288

2024-06-06 18:36:00,-0.670296

2024-06-06 18:37:00,-0.986613

2024-06-06 18:38:00,-0.395842

2024-06-06 18:39:00,0.558864

2024-06-06 18:40:00,0.999753

2024-06-06 18:41:00,0.521474

2024-06-06 18:42:00,-0.436246

2024-06-06 18:43:00,-0.992883

2024-06-06 18:44:00,-0.636668

2024-06-06 18:45:00,0.304897

2024-06-06 18:46:00,0.966141

2024-06-06 18:47:00,0.739120

2024-06-06 18:48:00,-0.167445

2024-06-06 18:49:00,-0.920061

2024-06-06 18:50:00,-0.826778

2024-06-06 18:51:00,0.026642

2024-06-06 18:52:00,0.855567

2024-06-06 18:53:00,0.897888

2024-06-06 18:54:00,0.114695

2024-06-06 18:55:00,-0.773948

2024-06-06 18:56:00,-0.951027

2024-06-06 18:57:00,-0.253736

2024-06-06 18:58:00,0.676839

2024-06-06 18:59:00,0.985131

2024-06-06 19:00:00,0.387698

2024-06-06 19:01:00,-0.566182

2024-06-06 19:02:00,-0.999517

2024-06-06 19:03:00,-0.513901

2024-06-06 19:04:00,0.444194

2024-06-06 19:05:00,0.993899

2024-06-06 19:06:00,0.629818

2024-06-06 19:07:00,-0.313315

2024-06-06 19:08:00,-0.968387

2024-06-06 19:09:00,-0.733129

2024-06-06 19:10:00,0.176165

2024-06-06 19:11:00,0.923493

2024-06-06 19:12:00,0.821766

2024-06-06 19:13:00,-0.035489

2024-06-06 19:14:00,-0.860116

2024-06-06 19:15:00,-0.893956

2024-06-06 19:16:00,-0.105898

2024-06-06 19:17:00,0.779523

2024-06-06 19:18:00,0.948253

2024-06-06 19:19:00,0.245164

2024-06-06 19:20:00,-0.683328

2024-06-06 19:21:00,-0.983571

2024-06-06 19:22:00,-0.379524

2024-06-06 19:23:00,0.573456

2024-06-06 19:24:00,0.999203

2024-06-06 19:25:00,0.506288

2024-06-06 19:26:00,-0.452106

2024-06-06 19:27:00,-0.994836

2024-06-06 19:28:00,-0.622918

2024-06-06 19:29:00,0.321708

2024-06-06 19:30:00,0.970557

2024-06-06 19:31:00,0.727080

2024-06-06 19:32:00,-0.184871

2024-06-06 19:33:00,-0.926852

2024-06-06 19:34:00,-0.816690

2024-06-06 19:35:00,0.044333

2024-06-06 19:36:00,0.864597

2024-06-06 19:37:00,0.889954

2024-06-06 19:38:00,0.097092

2024-06-06 19:39:00,-0.785036

2024-06-06 19:40:00,-0.945406

2024-06-06 19:41:00,-0.236574

2024-06-06 19:42:00,0.689763

2024-06-06 19:43:00,0.981935

2024-06-06 19:44:00,0.371320

2024-06-06 19:45:00,-0.580685

2024-06-06 19:46:00,-0.998811

2024-06-06 19:47:00,-0.498635

2024-06-06 19:48:00,0.459984

2024-06-06 19:49:00,0.995695

2024-06-06 19:50:00,0.615969

2024-06-06 19:51:00,-0.330076

2024-06-06 19:52:00,-0.972651

2024-06-06 19:53:00,-0.720975

2024-06-06 19:54:00,0.193562

2024-06-06 19:55:00,0.930139

2024-06-06 19:56:00,0.811551

2024-06-06 19:57:00,-0.053174

2024-06-06 19:58:00,-0.869011

2024-06-06 19:59:00,-0.885883

2024-06-06 20:00:00,-0.088279

2024-06-06 20:01:00,0.790489

2024-06-06 20:02:00,0.942484

2024-06-06 20:03:00,0.227964

2024-06-06 20:04:00,-0.696145

2024-06-06 20:05:00,-0.980222

2024-06-06 20:06:00,-0.363087

2024-06-06 20:07:00,0.587868

2024-06-06 20:08:00,0.998340

2024-06-06 20:09:00,0.490943

2024-06-06 20:10:00,-0.467825

2024-06-06 20:11:00,-0.996477

2024-06-06 20:12:00,-0.608972

2024-06-06 20:13:00,0.338418

2024-06-06 20:14:00,0.974669

2024-06-06 20:15:00,0.714813

2024-06-06 20:16:00,-0.202238

2024-06-06 20:17:00,-0.933353

2024-06-06 20:18:00,-0.806347

2024-06-06 20:19:00,0.062011

2024-06-06 20:20:00,0.873356

2024-06-06 20:21:00,0.881742

2024-06-06 20:22:00,0.079458

2024-06-06 20:23:00,-0.795879

2024-06-06 20:24:00,-0.939489

2024-06-06 20:25:00,-0.219337

2024-06-06 20:26:00,0.702472

2024-06-06 20:27:00,0.978432

2024-06-06 20:28:00,0.354826

2024-06-06 20:29:00,-0.595005

2024-06-06 20:30:00,-0.997791

2024-06-06 20:31:00,-0.483212

2024-06-06 20:32:00,0.475630

2024-06-06 20:33:00,0.997180

2024-06-06 20:34:00,0.601928

2024-06-06 20:35:00,-0.346734

2024-06-06 20:36:00,-0.976610

2024-06-06 20:37:00,-0.708595

2024-06-06 20:38:00,0.210899

2024-06-06 20:39:00,0.936494

2024-06-06 20:40:00,0.801080

2024-06-06 20:41:00,-0.070842

2024-06-06 20:42:00,-0.877633

2024-06-06 20:43:00,-0.877532

2024-06-06 20:44:00,-0.070632

2024-06-06 20:45:00,0.801207

2024-06-06 20:46:00,0.936420

2024-06-06 20:47:00,0.210693

2024-06-06 20:48:00,-0.708744

2024-06-06 20:49:00,-0.976565

2024-06-06 20:50:00,-0.346536

2024-06-06 20:51:00,0.602096

2024-06-06 20:52:00,0.997164

2024-06-06 20:53:00,0.475444

2024-06-06 20:54:00,-0.483397

2024-06-06 20:55:00,-0.997805

2024-06-06 20:56:00,-0.594836

2024-06-06 20:57:00,0.355023

2024-06-06 20:58:00,0.978475

2024-06-06 20:59:00,0.702322

2024-06-06 21:00:00,-0.219543

2024-06-06 21:01:00,-0.939561

2024-06-06 21:02:00,-0.795751

2024-06-06 21:03:00,0.079669

2024-06-06 21:04:00,0.881841

2024-06-06 21:05:00,0.873253

2024-06-06 21:06:00,0.061800

2024-06-06 21:07:00,-0.806472

2024-06-06 21:08:00,-0.933277

2024-06-06 21:09:00,-0.202032

2024-06-06 21:10:00,0.714961

2024-06-06 21:11:00,0.974622

2024-06-06 21:12:00,0.338220

2024-06-06 21:13:00,-0.609140

2024-06-06 21:14:00,-0.996459

2024-06-06 21:15:00,-0.467639

2024-06-06 21:16:00,0.491127

2024-06-06 21:17:00,0.998352

2024-06-06 21:18:00,0.587697

2024-06-06 21:19:00,-0.363284

2024-06-06 21:20:00,-0.980264

2024-06-06 21:21:00,-0.695994

2024-06-06 21:22:00,0.228170

2024-06-06 21:23:00,0.942555

2024-06-06 21:24:00,0.790359

2024-06-06 21:25:00,-0.088489

2024-06-06 21:26:00,-0.885981

2024-06-06 21:27:00,-0.868906

2024-06-06 21:28:00,-0.052963

2024-06-06 21:29:00,0.811674

2024-06-06 21:30:00,0.930062

2024-06-06 21:31:00,0.193355

2024-06-06 21:32:00,-0.721121

2024-06-06 21:33:00,-0.972602

2024-06-06 21:34:00,-0.329877

2024-06-06 21:35:00,0.616135

2024-06-06 21:36:00,0.995676

2024-06-06 21:37:00,0.459796

2024-06-06 21:38:00,-0.498818

2024-06-06 21:39:00,-0.998821

2024-06-06 21:40:00,-0.580513

2024-06-06 21:41:00,0.371516

2024-06-06 21:42:00,0.981975

2024-06-06 21:43:00,0.689611

2024-06-06 21:44:00,-0.236779

2024-06-06 21:45:00,-0.945475

2024-06-06 21:46:00,-0.784906

2024-06-06 21:47:00,0.097302

2024-06-06 21:48:00,0.890051

2024-06-06 21:49:00,0.864491

2024-06-06 21:50:00,0.044122

2024-06-06 21:51:00,-0.816812

2024-06-06 21:52:00,-0.926773

2024-06-06 21:53:00,-0.184663

2024-06-06 21:54:00,0.727225

2024-06-06 21:55:00,0.970506

2024-06-06 21:56:00,0.321508

2024-06-06 21:57:00,-0.623083

2024-06-06 21:58:00,-0.994815

2024-06-06 21:59:00,-0.451918

2024-06-06 22:00:00,0.506470

2024-06-06 22:01:00,0.999212

2024-06-06 22:02:00,0.573283

2024-06-06 22:03:00,-0.379719

2024-06-06 22:04:00,-0.983609

2024-06-06 22:05:00,-0.683174

2024-06-06 22:06:00,0.245369

2024-06-06 22:07:00,0.948320

2024-06-06 22:08:00,0.779391

2024-06-06 22:09:00,-0.106107

2024-06-06 22:10:00,-0.894051

2024-06-06 22:11:00,-0.860008

2024-06-06 22:12:00,-0.035278

2024-06-06 22:13:00,0.821887

2024-06-06 22:14:00,0.923412

2024-06-06 22:15:00,0.175957

2024-06-06 22:16:00,-0.733272

2024-06-06 22:17:00,-0.968334

2024-06-06 22:18:00,-0.313114

2024-06-06 22:19:00,0.629982

2024-06-06 22:20:00,0.993875

2024-06-06 22:21:00,0.444005

2024-06-06 22:22:00,-0.514082

2024-06-06 22:23:00,-0.999524

2024-06-06 22:24:00,-0.566008

2024-06-06 22:25:00,0.387893

2024-06-06 22:26:00,0.985167

2024-06-06 22:27:00,0.676683

2024-06-06 22:28:00,-0.253940

2024-06-06 22:29:00,-0.951092

2024-06-06 22:30:00,-0.773814

2024-06-06 22:31:00,0.114905

2024-06-06 22:32:00,0.897981

2024-06-06 22:33:00,0.855458

2024-06-06 22:34:00,0.026431

2024-06-06 22:35:00,-0.826896

2024-06-06 22:36:00,-0.919979

2024-06-06 22:37:00,-0.167237

2024-06-06 22:38:00,0.739262

2024-06-06 22:39:00,0.966087

2024-06-06 22:40:00,0.304696

2024-06-06 22:41:00,-0.636831

2024-06-06 22:42:00,-0.992858

2024-06-06 22:43:00,-0.436056

2024-06-06 22:44:00,0.521654

2024-06-06 22:45:00,0.999758

2024-06-06 22:46:00,0.558689

2024-06-06 22:47:00,-0.396036

2024-06-06 22:48:00,-0.986647

2024-06-06 22:49:00,-0.670140

2024-06-06 22:50:00,0.262491

2024-06-06 22:51:00,0.953789

2024-06-06 22:52:00,0.768177

2024-06-06 22:53:00,-0.123693

2024-06-06 22:54:00,-0.901840

2024-06-06 22:55:00,-0.850840

2024-06-06 22:56:00,-0.017581

2024-06-06 22:57:00,0.831842

2024-06-06 22:58:00,0.916473

2024-06-06 22:59:00,0.158504

2024-06-06 23:00:00,-0.745194

2024-06-06 23:01:00,-0.963763

2024-06-06 23:02:00,-0.296253

2024-06-06 23:03:00,0.643630

2024-06-06 23:04:00,0.991763

2024-06-06 23:05:00,0.428074

2024-06-06 23:06:00,-0.529185

2024-06-06 23:07:00,-0.999913

2024-06-06 23:08:00,-0.551326

2024-06-06 23:09:00,0.404148

2024-06-06 23:10:00,0.988050

2024-06-06 23:11:00,0.663544

2024-06-06 23:12:00,-0.271022

2024-06-06 23:13:00,-0.956411

2024-06-06 23:14:00,-0.762480

2024-06-06 23:15:00,0.132471

2024-06-06 23:16:00,0.905630

2024-06-06 23:17:00,0.846156

2024-06-06 23:18:00,0.008731

2024-06-06 23:19:00,-0.836722

2024-06-06 23:20:00,-0.912896

2024-06-06 23:21:00,-0.149758

2024-06-06 23:22:00,0.751067

2024-06-06 23:23:00,0.961364

2024-06-06 23:24:00,0.287788

2024-06-06 23:25:00,-0.650379

2024-06-06 23:26:00,-0.990591

2024-06-06 23:27:00,-0.420058

2024-06-06 23:28:00,0.536675

2024-06-06 23:29:00,0.999991

2024-06-06 23:30:00,0.543920

2024-06-06 23:31:00,-0.412228

2024-06-06 23:32:00,-0.989376

2024-06-06 23:33:00,-0.656896

2024-06-06 23:34:00,0.279531

2024-06-06 23:35:00,0.958958

2024-06-06 23:36:00,0.756724

2024-06-06 23:37:00,-0.141239

2024-06-06 23:38:00,-0.909348

2024-06-06 23:39:00,-0.841406

2024-06-06 23:40:00,0.000121

2024-06-06 23:41:00,0.841536

2024-06-06 23:42:00,0.909247

2024-06-06 23:43:00,0.141001

2024-06-06 23:44:00,-0.756881

2024-06-06 23:45:00,-0.958890

2024-06-06 23:46:00,-0.279300

2024-06-06 23:47:00,0.657077

2024-06-06 23:48:00,0.989341

2024-06-06 23:49:00,0.412009

2024-06-06 23:50:00,-0.544122

2024-06-06 23:51:00,-0.999990

2024-06-06 23:52:00,-0.536471

2024-06-06 23:53:00,0.420276

2024-06-06 23:54:00,0.990624

2024-06-06 23:55:00,0.650196

2024-06-06 23:56:00,-0.288019

2024-06-06 23:57:00,-0.961431

2024-06-06 23:58:00,-0.750908

2024-06-06 23:59:00,0.149996

