TIME,PRICE
2024-06-06 00:00:00,100
2024-06-06 00:01:00,101
2024-06-06 00:02:00,102
2024-06-06 00:03:00,103
2024-06-06 00:04:00,104
2024-06-06 00:05:00,105
2024-06-06 00:06:00,106
2024-06-06 00:07:00,107
2024-06-06 00:08:00,108
2024-06-06 00:09:00,109
2024-06-06 00:10:00,110
2024-06-06 00:11:00,111
2024-06-06 00:12:00,112
2024-06-06 00:13:00,113
2024-06-06 00:14:00,114
2024-06-06 00:15:00,115
2024-06-06 00:16:00,116
2024-06-06 00:17:00,117
2024-06-06 00:18:00,118
2024-06-06 00:19:00,119
2024-06-06 00:20:00,120
2024-06-06 00:21:00,121
2024-06-06 00:22:00,122
2024-06-06 00:23:00,123
2024-06-06 00:24:00,124
2024-06-06 00:25:00,125
2024-06-06 00:26:00,126
2024-06-06 00:27:00,127
2024-06-06 00:28:00,128
2024-06-06 00:29:00,129
2024-06-06 00:30:00,130
2024-06-06 00:31:00,131
2024-06-06 00:32:00,132
2024-06-06 00:33:00,133
2024-06-06 00:34:00,134
2024-06-06 00:35:00,135
2024-06-06 00:36:00,136
2024-06-06 00:37:00,137
2024-06-06 00:38:00,138
2024-06-06 00:39:00,139
2024-06-06 00:40:00,140
2024-06-06 00:41:00,141
2024-06-06 00:42:00,142
2024-06-06 00:43:00,143
2024-06-06 00:44:00,144
2024-06-06 00:45:00,145
2024-06-06 00:46:00,146
2024-06-06 00:47:00,147
2024-06-06 00:48:00,148
2024-06-06 00:49:00,149
2024-06-06 00:50:00,150
2024-06-06 00:51:00,151
2024-06-06 00:52:00,152
2024-06-06 00:53:00,153
2024-06-06 00:54:00,154
2024-06-06 00:55:00,155
2024-06-06 00:56:00,156
2024-06-06 00:57:00,157
2024-06-06 00:58:00,158
2024-06-06 00:59:00,159
2024-06-06 01:00:00,160
2024-06-06 01:01:00,161
2024-06-06 01:02:00,162
2024-06-06 01:03:00,163
2024-06-06 01:04:00,164
2024-06-06 01:05:00,165
2024-06-06 01:06:00,166
2024-06-06 01:07:00,167
2024-06-06 01:08:00,168
2024-06-06 01:09:00,169
2024-06-06 01:10:00,170
2024-06-06 01:11:00,171
2024-06-06 01:12:00,172
2024-06-06 01:13:00,173
2024-06-06 01:14:00,174
2024-06-06 01:15:00,175
2024-06-06 01:16:00,176
2024-06-06 01:17:00,177
2024-06-06 01:18:00,178
2024-06-06 01:19:00,179
2024-06-06 01:20:00,180
2024-06-06 01:21:00,181
2024-06-06 01:22:00,182
2024-06-06 01:23:00,183
2024-06-06 01:24:00,184
2024-06-06 01:25:00,185
2024-06-06 01:26:00,186
2024-06-06 01:27:00,187
2024-06-06 01:28:00,188
2024-06-06 01:29:00,189
2024-06-06 01:30:00,190
2024-06-06 01:31:00,191
2024-06-06 01:32:00,192
2024-06-06 01:33:00,193
2024-06-06 01:34:00,194
2024-06-06 01:35:00,195
2024-06-06 01:36:00,196
2024-06-06 01:37:00,197
2024-06-06 01:38:00,198
2024-06-06 01:39:00,199
2024-06-06 01:40:00,200
2024-06-06 01:41:00,201
2024-06-06 01:42:00,202
2024-06-06 01:43:00,203
2024-06-06 01:44:00,204
2024-06-06 01:45:00,205
2024-06-06 01:46:00,206
2024-06-06 01:47:00,207
2024-06-06 01:48:00,208
2024-06-06 01:49:00,209
2024-06-06 01:50:00,210
2024-06-06 01:51:00,211
2024-06-06 01:52:00,212
2024-06-06 01:53:00,213
2024-06-06 01:54:00,214
2024-06-06 01:55:00,215
2024-06-06 01:56:00,216
2024-06-06 01:57:00,217
2024-06-06 01:58:00,218
2024-06-06 01:59:00,219
2024-06-06 02:00:00,220
2024-06-06 02:01:00,221
2024-06-06 02:02:00,222
2024-06-06 02:03:00,223
2024-06-06 02:04:00,224
2024-06-06 02:05:00,225
2024-06-06 02:06:00,226
2024-06-06 02:07:00,227
2024-06-06 02:08:00,228
2024-06-06 02:09:00,229
2024-06-06 02:10:00,230
2024-06-06 02:11:00,231
2024-06-06 02:12:00,232
2024-06-06 02:13:00,233
2024-06-06 02:14:00,234
2024-06-06 02:15:00,235
2024-06-06 02:16:00,236
2024-06-06 02:17:00,237
2024-06-06 02:18:00,238
2024-06-06 02:19:00,239
2024-06-06 02:20:00,240
2024-06-06 02:21:00,241
2024-06-06 02:22:00,242
2024-06-06 02:23:00,243
2024-06-06 02:24:00,244
2024-06-06 02:25:00,245
2024-06-06 02:26:00,246
2024-06-06 02:27:00,247
2024-06-06 02:28:00,248
2024-06-06 02:29:00,249
2024-06-06 02:30:00,250
2024-06-06 02:31:00,251
2024-06-06 02:32:00,252
2024-06-06 02:33:00,253
2024-06-06 02:34:00,254
2024-06-06 02:35:00,255
2024-06-06 02:36:00,256
2024-06-06 02:37:00,257
2024-06-06 02:38:00,258
2024-06-06 02:39:00,259
2024-06-06 02:40:00,260
2024-06-06 02:41:00,261
2024-06-06 02:42:00,262
2024-06-06 02:43:00,263
2024-06-06 02:44:00,264
2024-06-06 02:45:00,265
2024-06-06 02:46:00,266
2024-06-06 02:47:00,267
2024-06-06 02:48:00,268
2024-06-06 02:49:00,269
2024-06-06 02:50:00,270
2024-06-06 02:51:00,271
2024-06-06 02:52:00,272
2024-06-06 02:53:00,273
2024-06-06 02:54:00,274
2024-06-06 02:55:00,275
2024-06-06 02:56:00,276
2024-06-06 02:57:00,277
2024-06-06 02:58:00,278
2024-06-06 02:59:00,279
2024-06-06 03:00:00,280
2024-06-06 03:01:00,281
2024-06-06 03:02:00,282
2024-06-06 03:03:00,283
2024-06-06 03:04:00,284
2024-06-06 03:05:00,285
2024-06-06 03:06:00,286
2024-06-06 03:07:00,287
2024-06-06 03:08:00,288
2024-06-06 03:09:00,289
2024-06-06 03:10:00,290
2024-06-06 03:11:00,291
2024-06-06 03:12:00,292
2024-06-06 03:13:00,293
2024-06-06 03:14:00,294
2024-06-06 03:15:00,295
2024-06-06 03:16:00,296
2024-06-06 03:17:00,297
2024-06-06 03:18:00,298
2024-06-06 03:19:00,299
2024-06-06 03:20:00,300
2024-06-06 03:21:00,301
2024-06-06 03:22:00,302
2024-06-06 03:23:00,303
2024-06-06 03:24:00,304
2024-06-06 03:25:00,305
2024-06-06 03:26:00,306
2024-06-06 03:27:00,307
2024-06-06 03:28:00,308
2024-06-06 03:29:00,309
2024-06-06 03:30:00,310
2024-06-06 03:31:00,311
2024-06-06 03:32:00,312
2024-06-06 03:33:00,313
2024-06-06 03:34:00,314
2024-06-06 03:35:00,315
2024-06-06 03:36:00,316
2024-06-06 03:37:00,317
2024-06-06 03:38:00,318
2024-06-06 03:39:00,319
2024-06-06 03:40:00,320
2024-06-06 03:41:00,321
2024-06-06 03:42:00,322
2024-06-06 03:43:00,323
2024-06-06 03:44:00,324
2024-06-06 03:45:00,325
2024-06-06 03:46:00,326
2024-06-06 03:47:00,327
2024-06-06 03:48:00,328
2024-06-06 03:49:00,329
2024-06-06 03:50:00,330
2024-06-06 03:51:00,331
2024-06-06 03:52:00,332
2024-06-06 03:53:00,333
2024-06-06 03:54:00,334
2024-06-06 03:55:00,335
2024-06-06 03:56:00,336
2024-06-06 03:57:00,337
2024-06-06 03:58:00,338
2024-06-06 03:59:00,339
2024-06-06 04:00:00,340
2024-06-06 04:01:00,341
2024-06-06 04:02:00,342
2024-06-06 04:03:00,343
2024-06-06 04:04:00,344
2024-06-06 04:05:00,345
2024-06-06 04:06:00,346
2024-06-06 04:07:00,347
2024-06-06 04:08:00,348
2024-06-06 04:09:00,349
2024-06-06 04:10:00,350
2024-06-06 04:11:00,351
2024-06-06 04:12:00,352
2024-06-06 04:13:00,353
2024-06-06 04:14:00,354
2024-06-06 04:15:00,355
2024-06-06 04:16:00,356
2024-06-06 04:17:00,357
2024-06-06 04:18:00,358
2024-06-06 04:19:00,359
2024-06-06 04:20:00,360
2024-06-06 04:21:00,361
2024-06-06 04:22:00,362
2024-06-06 04:23:00,363
2024-06-06 04:24:00,364
2024-06-06 04:25:00,365
2024-06-06 04:26:00,366
2024-06-06 04:27:00,367
2024-06-06 04:28:00,368
2024-06-06 04:29:00,369
2024-06-06 04:30:00,370
2024-06-06 04:31:00,371
2024-06-06 04:32:00,372
2024-06-06 04:33:00,373
2024-06-06 04:34:00,374
2024-06-06 04:35:00,375
2024-06-06 04:36:00,376
2024-06-06 04:37:00,377
2024-06-06 04:38:00,378
2024-06-06 04:39:00,379
2024-06-06 04:40:00,380
2024-06-06 04:41:00,381
2024-06-06 04:42:00,382
2024-06-06 04:43:00,383
2024-06-06 04:44:00,384
2024-06-06 04:45:00,385
2024-06-06 04:46:00,386
2024-06-06 04:47:00,387
2024-06-06 04:48:00,388
2024-06-06 04:49:00,389
2024-06-06 04:50:00,390
2024-06-06 04:51:00,391
2024-06-06 04:52:00,392
2024-06-06 04:53:00,393
2024-06-06 04:54:00,394
2024-06-06 04:55:00,395
2024-06-06 04:56:00,396
2024-06-06 04:57:00,397
2024-06-06 04:58:00,398
2024-06-06 04:59:00,399
2024-06-06 05:00:00,400
2024-06-06 05:01:00,401
2024-06-06 05:02:00,402
2024-06-06 05:03:00,403
2024-06-06 05:04:00,404
2024-06-06 05:05:00,405
2024-06-06 05:06:00,406
2024-06-06 05:07:00,407
2024-06-06 05:08:00,408
2024-06-06 05:09:00,409
2024-06-06 05:10:00,410
2024-06-06 05:11:00,411
2024-06-06 05:12:00,412
2024-06-06 05:13:00,413
2024-06-06 05:14:00,414
2024-06-06 05:15:00,415
2024-06-06 05:16:00,416
2024-06-06 05:17:00,417
2024-06-06 05:18:00,418
2024-06-06 05:19:00,419
2024-06-06 05:20:00,420
2024-06-06 05:21:00,421
2024-06-06 05:22:00,422
2024-06-06 05:23:00,423
2024-06-06 05:24:00,424
2024-06-06 05:25:00,425
2024-06-06 05:26:00,426
2024-06-06 05:27:00,427
2024-06-06 05:28:00,428
2024-06-06 05:29:00,429
2024-06-06 05:30:00,430
2024-06-06 05:31:00,431
2024-06-06 05:32:00,432
2024-06-06 05:33:00,433
2024-06-06 05:34:00,434
2024-06-06 05:35:00,435
2024-06-06 05:36:00,436
2024-06-06 05:37:00,437
2024-06-06 05:38:00,438
2024-06-06 05:39:00,439
2024-06-06 05:40:00,440
2024-06-06 05:41:00,441
2024-06-06 05:42:00,442
2024-06-06 05:43:00,443
2024-06-06 05:44:00,444
2024-06-06 05:45:00,445
2024-06-06 05:46:00,446
2024-06-06 05:47:00,447
2024-06-06 05:48:00,448
2024-06-06 05:49:00,449
2024-06-06 05:50:00,450
2024-06-06 05:51:00,451
2024-06-06 05:52:00,452
2024-06-06 05:53:00,453
2024-06-06 05:54:00,454
2024-06-06 05:55:00,455
2024-06-06 05:56:00,456
2024-06-06 05:57:00,457
2024-06-06 05:58:00,458
2024-06-06 05:59:00,459
2024-06-06 06:00:00,460
2024-06-06 06:01:00,461
2024-06-06 06:02:00,462
2024-06-06 06:03:00,463
2024-06-06 06:04:00,464
2024-06-06 06:05:00,465
2024-06-06 06:06:00,466
2024-06-06 06:07:00,467
2024-06-06 06:08:00,468
2024-06-06 06:09:00,469
2024-06-06 06:10:00,470
2024-06-06 06:11:00,471
2024-06-06 06:12:00,472
2024-06-06 06:13:00,473
2024-06-06 06:14:00,474
2024-06-06 06:15:00,475
2024-06-06 06:16:00,476
2024-06-06 06:17:00,477
2024-06-06 06:18:00,478
2024-06-06 06:19:00,479
2024-06-06 06:20:00,480
2024-06-06 06:21:00,481
2024-06-06 06:22:00,482
2024-06-06 06:23:00,483
2024-06-06 06:24:00,484
2024-06-06 06:25:00,485
2024-06-06 06:26:00,486
2024-06-06 06:27:00,487
2024-06-06 06:28:00,488
2024-06-06 06:29:00,489
2024-06-06 06:30:00,490
2024-06-06 06:31:00,491
2024-06-06 06:32:00,492
2024-06-06 06:33:00,493
2024-06-06 06:34:00,494
2024-06-06 06:35:00,495
2024-06-06 06:36:00,496
2024-06-06 06:37:00,497
2024-06-06 06:38:00,498
2024-06-06 06:39:00,499
2024-06-06 06:40:00,500
2024-06-06 06:41:00,501
2024-06-06 06:42:00,502
2024-06-06 06:43:00,503
2024-06-06 06:44:00,504
2024-06-06 06:45:00,505
2024-06-06 06:46:00,506
2024-06-06 06:47:00,507
2024-06-06 06:48:00,508
2024-06-06 06:49:00,509
2024-06-06 06:50:00,510
2024-06-06 06:51:00,511
2024-06-06 06:52:00,512
2024-06-06 06:53:00,513
2024-06-06 06:54:00,514
2024-06-06 06:55:00,515
2024-06-06 06:56:00,516
2024-06-06 06:57:00,517
2024-06-06 06:58:00,518
2024-06-06 06:59:00,519
2024-06-06 07:00:00,520
2024-06-06 07:01:00,521
2024-06-06 07:02:00,522
2024-06-06 07:03:00,523
2024-06-06 07:04:00,524
2024-06-06 07:05:00,525
2024-06-06 07:06:00,526
2024-06-06 07:07:00,527
2024-06-06 07:08:00,528
2024-06-06 07:09:00,529
2024-06-06 07:10:00,530
2024-06-06 07:11:00,531
2024-06-06 07:12:00,532
2024-06-06 07:13:00,533
2024-06-06 07:14:00,534
2024-06-06 07:15:00,535
2024-06-06 07:16:00,536
2024-06-06 07:17:00,537
2024-06-06 07:18:00,538
2024-06-06 07:19:00,539
2024-06-06 07:20:00,540
2024-06-06 07:21:00,541
2024-06-06 07:22:00,542
2024-06-06 07:23:00,543
2024-06-06 07:24:00,544
2024-06-06 07:25:00,545
2024-06-06 07:26:00,546
2024-06-06 07:27:00,547
2024-06-06 07:28:00,548
2024-06-06 07:29:00,549
2024-06-06 07:30:00,550
2024-06-06 07:31:00,551
2024-06-06 07:32:00,552
2024-06-06 07:33:00,553
2024-06-06 07:34:00,554
2024-06-06 07:35:00,555
2024-06-06 07:36:00,556
2024-06-06 07:37:00,557
2024-06-06 07:38:00,558
2024-06-06 07:39:00,559
2024-06-06 07:40:00,560
2024-06-06 07:41:00,561
2024-06-06 07:42:00,562
2024-06-06 07:43:00,563
2024-06-06 07:44:00,564
2024-06-06 07:45:00,565
2024-06-06 07:46:00,566
2024-06-06 07:47:00,567
2024-06-06 07:48:00,568
2024-06-06 07:49:00,569
2024-06-06 07:50:00,570
2024-06-06 07:51:00,571
2024-06-06 07:52:00,572
2024-06-06 07:53:00,573
2024-06-06 07:54:00,574
2024-06-06 07:55:00,575
2024-06-06 07:56:00,576
2024-06-06 07:57:00,577
2024-06-06 07:58:00,578
2024-06-06 07:59:00,579
2024-06-06 08:00:00,580
2024-06-06 08:01:00,581
2024-06-06 08:02:00,582
2024-06-06 08:03:00,583
2024-06-06 08:04:00,584
2024-06-06 08:05:00,585
2024-06-06 08:06:00,586
2024-06-06 08:07:00,587
2024-06-06 08:08:00,588
2024-06-06 08:09:00,589
2024-06-06 08:10:00,590
2024-06-06 08:11:00,591
2024-06-06 08:12:00,592
2024-06-06 08:13:00,593
2024-06-06 08:14:00,594
2024-06-06 08:15:00,595
2024-06-06 08:16:00,596
2024-06-06 08:17:00,597
2024-06-06 08:18:00,598
2024-06-06 08:19:00,599
2024-06-06 08:20:00,600
2024-06-06 08:21:00,601
2024-06-06 08:22:00,602
2024-06-06 08:23:00,603
2024-06-06 08:24:00,604
2024-06-06 08:25:00,605
2024-06-06 08:26:00,606
2024-06-06 08:27:00,607
2024-06-06 08:28:00,608
2024-06-06 08:29:00,609
2024-06-06 08:30:00,610
2024-06-06 08:31:00,611
2024-06-06 08:32:00,612
2024-06-06 08:33:00,613
2024-06-06 08:34:00,614
2024-06-06 08:35:00,615
2024-06-06 08:36:00,616
2024-06-06 08:37:00,617
2024-06-06 08:38:00,618
2024-06-06 08:39:00,619
2024-06-06 08:40:00,620
2024-06-06 08:41:00,621
2024-06-06 08:42:00,622
2024-06-06 08:43:00,623
2024-06-06 08:44:00,624
2024-06-06 08:45:00,625
2024-06-06 08:46:00,626
2024-06-06 08:47:00,627
2024-06-06 08:48:00,628
2024-06-06 08:49:00,629
2024-06-06 08:50:00,630
2024-06-06 08:51:00,631
2024-06-06 08:52:00,632
2024-06-06 08:53:00,633
2024-06-06 08:54:00,634
2024-06-06 08:55:00,635
2024-06-06 08:56:00,636
2024-06-06 08:57:00,637
2024-06-06 08:58:00,638
2024-06-06 08:59:00,639
2024-06-06 09:00:00,640
2024-06-06 09:01:00,641
2024-06-06 09:02:00,642
2024-06-06 09:03:00,643
2024-06-06 09:04:00,644
2024-06-06 09:05:00,645
2024-06-06 09:06:00,646
2024-06-06 09:07:00,647
2024-06-06 09:08:00,648
2024-06-06 09:09:00,649
2024-06-06 09:10:00,650
2024-06-06 09:11:00,651
2024-06-06 09:12:00,652
2024-06-06 09:13:00,653
2024-06-06 09:14:00,654
2024-06-06 09:15:00,655
2024-06-06 09:16:00,656
2024-06-06 09:17:00,657
2024-06-06 09:18:00,658
2024-06-06 09:19:00,659
2024-06-06 09:20:00,660
2024-06-06 09:21:00,661
2024-06-06 09:22:00,662
2024-06-06 09:23:00,663
2024-06-06 09:24:00,664
2024-06-06 09:25:00,665
2024-06-06 09:26:00,666
2024-06-06 09:27:00,667
2024-06-06 09:28:00,668
2024-06-06 09:29:00,669
2024-06-06 09:30:00,670
2024-06-06 09:31:00,671
2024-06-06 09:32:00,672
2024-06-06 09:33:00,673
2024-06-06 09:34:00,674
2024-06-06 09:35:00,675
2024-06-06 09:36:00,676
2024-06-06 09:37:00,677
2024-06-06 09:38:00,678
2024-06-06 09:39:00,679
2024-06-06 09:40:00,680
2024-06-06 09:41:00,681
2024-06-06 09:42:00,682
2024-06-06 09:43:00,683
2024-06-06 09:44:00,684
2024-06-06 09:45:00,685
2024-06-06 09:46:00,686
2024-06-06 09:47:00,687
2024-06-06 09:48:00,688
2024-06-06 09:49:00,689
2024-06-06 09:50:00,690
2024-06-06 09:51:00,691
2024-06-06 09:52:00,692
2024-06-06 09:53:00,693
2024-06-06 09:54:00,694
2024-06-06 09:55:00,695
2024-06-06 09:56:00,696
2024-06-06 09:57:00,697
2024-06-06 09:58:00,698
2024-06-06 09:59:00,699
2024-06-06 10:00:00,700
2024-06-06 10:01:00,701
2024-06-06 10:02:00,702
2024-06-06 10:03:00,703
2024-06-06 10:04:00,704
2024-06-06 10:05:00,705
2024-06-06 10:06:00,706
2024-06-06 10:07:00,707
2024-06-06 10:08:00,708
2024-06-06 10:09:00,709
2024-06-06 10:10:00,710
2024-06-06 10:11:00,711
2024-06-06 10:12:00,712
2024-06-06 10:13:00,713
2024-06-06 10:14:00,714
2024-06-06 10:15:00,715
2024-06-06 10:16:00,716
2024-06-06 10:17:00,717
2024-06-06 10:18:00,718
2024-06-06 10:19:00,719
2024-06-06 10:20:00,720
2024-06-06 10:21:00,721
2024-06-06 10:22:00,722
2024-06-06 10:23:00,723
2024-06-06 10:24:00,724
2024-06-06 10:25:00,725
2024-06-06 10:26:00,726
2024-06-06 10:27:00,727
2024-06-06 10:28:00,728
2024-06-06 10:29:00,729
2024-06-06 10:30:00,730
2024-06-06 10:31:00,731
2024-06-06 10:32:00,732
2024-06-06 10:33:00,733
2024-06-06 10:34:00,734
2024-06-06 10:35:00,735
2024-06-06 10:36:00,736
2024-06-06 10:37:00,737
2024-06-06 10:38:00,738
2024-06-06 10:39:00,739
2024-06-06 10:40:00,740
2024-06-06 10:41:00,741
2024-06-06 10:42:00,742
2024-06-06 10:43:00,743
2024-06-06 10:44:00,744
2024-06-06 10:45:00,745
2024-06-06 10:46:00,746
2024-06-06 10:47:00,747
2024-06-06 10:48:00,748
2024-06-06 10:49:00,749
2024-06-06 10:50:00,750
2024-06-06 10:51:00,751
2024-06-06 10:52:00,752
2024-06-06 10:53:00,753
2024-06-06 10:54:00,754
2024-06-06 10:55:00,755
2024-06-06 10:56:00,756
2024-06-06 10:57:00,757
2024-06-06 10:58:00,758
2024-06-06 10:59:00,759
2024-06-06 11:00:00,760
2024-06-06 11:01:00,761
2024-06-06 11:02:00,762
2024-06-06 11:03:00,763
2024-06-06 11:04:00,764
2024-06-06 11:05:00,765
2024-06-06 11:06:00,766
2024-06-06 11:07:00,767
2024-06-06 11:08:00,768
2024-06-06 11:09:00,769
2024-06-06 11:10:00,770
2024-06-06 11:11:00,771
2024-06-06 11:12:00,772
2024-06-06 11:13:00,773
2024-06-06 11:14:00,774
2024-06-06 11:15:00,775
2024-06-06 11:16:00,776
2024-06-06 11:17:00,777
2024-06-06 11:18:00,778
2024-06-06 11:19:00,779
2024-06-06 11:20:00,780
2024-06-06 11:21:00,781
2024-06-06 11:22:00,782
2024-06-06 11:23:00,783
2024-06-06 11:24:00,784
2024-06-06 11:25:00,785
2024-06-06 11:26:00,786
2024-06-06 11:27:00,787
2024-06-06 11:28:00,788
2024-06-06 11:29:00,789
2024-06-06 11:30:00,790
2024-06-06 11:31:00,791
2024-06-06 11:32:00,792
2024-06-06 11:33:00,793
2024-06-06 11:34:00,794
2024-06-06 11:35:00,795
2024-06-06 11:36:00,796
2024-06-06 11:37:00,797
2024-06-06 11:38:00,798
2024-06-06 11:39:00,799
2024-06-06 11:40:00,800
2024-06-06 11:41:00,801
2024-06-06 11:42:00,802
2024-06-06 11:43:00,803
2024-06-06 11:44:00,804
2024-06-06 11:45:00,805
2024-06-06 11:46:00,806
2024-06-06 11:47:00,807
2024-06-06 11:48:00,808
2024-06-06 11:49:00,809
2024-06-06 11:50:00,810
2024-06-06 11:51:00,811
2024-06-06 11:52:00,812
2024-06-06 11:53:00,813
2024-06-06 11:54:00,814
2024-06-06 11:55:00,815
2024-06-06 11:56:00,816
2024-06-06 11:57:00,817
2024-06-06 11:58:00,818
2024-06-06 11:59:00,819
2024-06-06 12:00:00,820
2024-06-06 12:01:00,821
2024-06-06 12:02:00,822
2024-06-06 12:03:00,823
2024-06-06 12:04:00,824
2024-06-06 12:05:00,825
2024-06-06 12:06:00,826
2024-06-06 12:07:00,827
2024-06-06 12:08:00,828
2024-06-06 12:09:00,829
2024-06-06 12:10:00,830
2024-06-06 12:11:00,831
2024-06-06 12:12:00,832
2024-06-06 12:13:00,833
2024-06-06 12:14:00,834
2024-06-06 12:15:00,835
2024-06-06 12:16:00,836
2024-06-06 12:17:00,837
2024-06-06 12:18:00,838
2024-06-06 12:19:00,839
2024-06-06 12:20:00,840
2024-06-06 12:21:00,841
2024-06-06 12:22:00,842
2024-06-06 12:23:00,843
2024-06-06 12:24:00,844
2024-06-06 12:25:00,845
2024-06-06 12:26:00,846
2024-06-06 12:27:00,847
2024-06-06 12:28:00,848
2024-06-06 12:29:00,849
2024-06-06 12:30:00,850
2024-06-06 12:31:00,851
2024-06-06 12:32:00,852
2024-06-06 12:33:00,853
2024-06-06 12:34:00,854
2024-06-06 12:35:00,855
2024-06-06 12:36:00,856
2024-06-06 12:37:00,857
2024-06-06 12:38:00,858
2024-06-06 12:39:00,859
2024-06-06 12:40:00,860
2024-06-06 12:41:00,861
2024-06-06 12:42:00,862
2024-06-06 12:43:00,863
2024-06-06 12:44:00,864
2024-06-06 12:45:00,865
2024-06-06 12:46:00,866
2024-06-06 12:47:00,867
2024-06-06 12:48:00,868
2024-06-06 12:49:00,869
2024-06-06 12:50:00,870
2024-06-06 12:51:00,871
2024-06-06 12:52:00,872
2024-06-06 12:53:00,873
2024-06-06 12:54:00,874
2024-06-06 12:55:00,875
2024-06-06 12:56:00,876
2024-06-06 12:57:00,877
2024-06-06 12:58:00,878
2024-06-06 12:59:00,879
2024-06-06 13:00:00,880
2024-06-06 13:01:00,881
2024-06-06 13:02:00,882
2024-06-06 13:03:00,883
2024-06-06 13:04:00,884
2024-06-06 13:05:00,885
2024-06-06 13:06:00,886
2024-06-06 13:07:00,887
2024-06-06 13:08:00,888
2024-06-06 13:09:00,889
2024-06-06 13:10:00,890
2024-06-06 13:11:00,891
2024-06-06 13:12:00,892
2024-06-06 13:13:00,893
2024-06-06 13:14:00,894
2024-06-06 13:15:00,895
2024-06-06 13:16:00,896
2024-06-06 13:17:00,897
2024-06-06 13:18:00,898
2024-06-06 13:19:00,899
2024-06-06 13:20:00,900
2024-06-06 13:21:00,901
2024-06-06 13:22:00,902
2024-06-06 13:23:00,903
2024-06-06 13:24:00,904
2024-06-06 13:25:00,905
2024-06-06 13:26:00,906
2024-06-06 13:27:00,907
2024-06-06 13:28:00,908
2024-06-06 13:29:00,909
2024-06-06 13:30:00,910
2024-06-06 13:31:00,911
2024-06-06 13:32:00,912
2024-06-06 13:33:00,913
2024-06-06 13:34:00,914
2024-06-06 13:35:00,915
2024-06-06 13:36:00,916
2024-06-06 13:37:00,917
2024-06-06 13:38:00,918
2024-06-06 13:39:00,919
2024-06-06 13:40:00,920
2024-06-06 13:41:00,921
2024-06-06 13:42:00,922
2024-06-06 13:43:00,923
2024-06-06 13:44:00,924
2024-06-06 13:45:00,925
2024-06-06 13:46:00,926
2024-06-06 13:47:00,927
2024-06-06 13:48:00,928
2024-06-06 13:49:00,929
2024-06-06 13:50:00,930
2024-06-06 13:51:00,931
2024-06-06 13:52:00,932
2024-06-06 13:53:00,933
2024-06-06 13:54:00,934
2024-06-06 13:55:00,935
2024-06-06 13:56:00,936
2024-06-06 13:57:00,937
2024-06-06 13:58:00,938
2024-06-06 13:59:00,939
2024-06-06 14:00:00,940
2024-06-06 14:01:00,941
2024-06-06 14:02:00,942
2024-06-06 14:03:00,943
2024-06-06 14:04:00,944
2024-06-06 14:05:00,945
2024-06-06 14:06:00,946
2024-06-06 14:07:00,947
2024-06-06 14:08:00,948
2024-06-06 14:09:00,949
2024-06-06 14:10:00,950
2024-06-06 14:11:00,951
2024-06-06 14:12:00,952
2024-06-06 14:13:00,953
2024-06-06 14:14:00,954
2024-06-06 14:15:00,955
2024-06-06 14:16:00,956
2024-06-06 14:17:00,957
2024-06-06 14:18:00,958
2024-06-06 14:19:00,959
2024-06-06 14:20:00,960
2024-06-06 14:21:00,961
2024-06-06 14:22:00,962
2024-06-06 14:23:00,963
2024-06-06 14:24:00,964
2024-06-06 14:25:00,965
2024-06-06 14:26:00,966
2024-06-06 14:27:00,967
2024-06-06 14:28:00,968
2024-06-06 14:29:00,969
2024-06-06 14:30:00,970
2024-06-06 14:31:00,971
2024-06-06 14:32:00,972
2024-06-06 14:33:00,973
2024-06-06 14:34:00,974
2024-06-06 14:35:00,975
2024-06-06 14:36:00,976
2024-06-06 14:37:00,977
2024-06-06 14:38:00,978
2024-06-06 14:39:00,979
2024-06-06 14:40:00,980
2024-06-06 14:41:00,981
2024-06-06 14:42:00,982
2024-06-06 14:43:00,983
2024-06-06 14:44:00,984
2024-06-06 14:45:00,985
2024-06-06 14:46:00,986
2024-06-06 14:47:00,987
2024-06-06 14:48:00,988
2024-06-06 14:49:00,989
2024-06-06 14:50:00,990
2024-06-06 14:51:00,991
2024-06-06 14:52:00,992
2024-06-06 14:53:00,993
2024-06-06 14:54:00,994
2024-06-06 14:55:00,995
2024-06-06 14:56:00,996
2024-06-06 14:57:00,997
2024-06-06 14:58:00,998
2024-06-06 14:59:00,999
2024-06-06 15:00:00,1000
2024-06-06 15:01:00,1001
2024-06-06 15:02:00,1002
2024-06-06 15:03:00,1003
2024-06-06 15:04:00,1004
2024-06-06 15:05:00,1005
2024-06-06 15:06:00,1006
2024-06-06 15:07:00,1007
2024-06-06 15:08:00,1008
2024-06-06 15:09:00,1009
2024-06-06 15:10:00,1010
2024-06-06 15:11:00,1011
2024-06-06 15:12:00,1012
2024-06-06 15:13:00,1013
2024-06-06 15:14:00,1014
2024-06-06 15:15:00,1015
2024-06-06 15:16:00,1016
2024-06-06 15:17:00,1017
2024-06-06 15:18:00,1018
2024-06-06 15:19:00,1019
2024-06-06 15:20:00,1020
2024-06-06 15:21:00,1021
2024-06-06 15:22:00,1022
2024-06-06 15:23:00,1023
2024-06-06 15:24:00,1024
2024-06-06 15:25:00,1025
2024-06-06 15:26:00,1026
2024-06-06 15:27:00,1027
2024-06-06 15:28:00,1028
2024-06-06 15:29:00,1029
2024-06-06 15:30:00,1030
2024-06-06 15:31:00,1031
2024-06-06 15:32:00,1032
2024-06-06 15:33:00,1033
2024-06-06 15:34:00,1034
2024-06-06 15:35:00,1035
2024-06-06 15:36:00,1036
2024-06-06 15:37:00,1037
2024-06-06 15:38:00,1038
2024-06-06 15:39:00,1039
2024-06-06 15:40:00,1040
2024-06-06 15:41:00,1041
2024-06-06 15:42:00,1042
2024-06-06 15:43:00,1043
2024-06-06 15:44:00,1044
2024-06-06 15:45:00,1045
2024-06-06 15:46:00,1046
2024-06-06 15:47:00,1047
2024-06-06 15:48:00,1048
2024-06-06 15:49:00,1049
2024-06-06 15:50:00,1050
2024-06-06 15:51:00,1051
2024-06-06 15:52:00,1052
2024-06-06 15:53:00,1053
2024-06-06 15:54:00,1054
2024-06-06 15:55:00,1055
2024-06-06 15:56:00,1056
2024-06-06 15:57:00,1057
2024-06-06 15:58:00,1058
2024-06-06 15:59:00,1059
2024-06-06 16:00:00,1060
2024-06-06 16:01:00,1061
2024-06-06 16:02:00,1062
2024-06-06 16:03:00,1063
2024-06-06 16:04:00,1064
2024-06-06 16:05:00,1065
2024-06-06 16:06:00,1066
2024-06-06 16:07:00,1067
2024-06-06 16:08:00,1068
2024-06-06 16:09:00,1069
2024-06-06 16:10:00,1070
2024-06-06 16:11:00,1071
2024-06-06 16:12:00,1072
2024-06-06 16:13:00,1073
2024-06-06 16:14:00,1074
2024-06-06 16:15:00,1075
2024-06-06 16:16:00,1076
2024-06-06 16:17:00,1077
2024-06-06 16:18:00,1078
2024-06-06 16:19:00,1079
2024-06-06 16:20:00,1080
2024-06-06 16:21:00,1081
2024-06-06 16:22:00,1082
2024-06-06 16:23:00,1083
2024-06-06 16:24:00,1084
2024-06-06 16:25:00,1085
2024-06-06 16:26:00,1086
2024-06-06 16:27:00,1087
2024-06-06 16:28:00,1088
2024-06-06 16:29:00,1089
2024-06-06 16:30:00,1090
2024-06-06 16:31:00,1091
2024-06-06 16:32:00,1092
2024-06-06 16:33:00,1093
2024-06-06 16:34:00,1094
2024-06-06 16:35:00,1095
2024-06-06 16:36:00,1096
2024-06-06 16:37:00,1097
2024-06-06 16:38:00,1098
2024-06-06 16:39:00,1099
2024-06-06 16:40:00,1100
2024-06-06 16:41:00,1101
2024-06-06 16:42:00,1102
2024-06-06 16:43:00,1103
2024-06-06 16:44:00,1104
2024-06-06 16:45:00,1105
2024-06-06 16:46:00,1106
2024-06-06 16:47:00,1107
2024-06-06 16:48:00,1108
2024-06-06 16:49:00,1109
2024-06-06 16:50:00,1110
2024-06-06 16:51:00,1111
2024-06-06 16:52:00,1112
2024-06-06 16:53:00,1113
2024-06-06 16:54:00,1114
2024-06-06 16:55:00,1115
2024-06-06 16:56:00,1116
2024-06-06 16:57:00,1117
2024-06-06 16:58:00,1118
2024-06-06 16:59:00,1119
2024-06-06 17:00:00,1120
2024-06-06 17:01:00,1121
2024-06-06 17:02:00,1122
2024-06-06 17:03:00,1123
2024-06-06 17:04:00,1124
2024-06-06 17:05:00,1125
2024-06-06 17:06:00,1126
2024-06-06 17:07:00,1127
2024-06-06 17:08:00,1128
2024-06-06 17:09:00,1129
2024-06-06 17:10:00,1130
2024-06-06 17:11:00,1131
2024-06-06 17:12:00,1132
2024-06-06 17:13:00,1133
2024-06-06 17:14:00,1134
2024-06-06 17:15:00,1135
2024-06-06 17:16:00,1136
2024-06-06 17:17:00,1137
2024-06-06 17:18:00,1138
2024-06-06 17:19:00,1139
2024-06-06 17:20:00,1140
2024-06-06 17:21:00,1141
2024-06-06 17:22:00,1142
2024-06-06 17:23:00,1143
2024-06-06 17:24:00,1144
2024-06-06 17:25:00,1145
2024-06-06 17:26:00,1146
2024-06-06 17:27:00,1147
2024-06-06 17:28:00,1148
2024-06-06 17:29:00,1149
2024-06-06 17:30:00,1150
2024-06-06 17:31:00,1151
2024-06-06 17:32:00,1152
2024-06-06 17:33:00,1153
2024-06-06 17:34:00,1154
2024-06-06 17:35:00,1155
2024-06-06 17:36:00,1156
2024-06-06 17:37:00,1157
2024-06-06 17:38:00,1158
2024-06-06 17:39:00,1159
2024-06-06 17:40:00,1160
2024-06-06 17:41:00,1161
2024-06-06 17:42:00,1162
2024-06-06 17:43:00,1163
2024-06-06 17:44:00,1164
2024-06-06 17:45:00,1165
2024-06-06 17:46:00,1166
2024-06-06 17:47:00,1167
2024-06-06 17:48:00,1168
2024-06-06 17:49:00,1169
2024-06-06 17:50:00,1170
2024-06-06 17:51:00,1171
2024-06-06 17:52:00,1172
2024-06-06 17:53:00,1173
2024-06-06 17:54:00,1174
2024-06-06 17:55:00,1175
2024-06-06 17:56:00,1176
2024-06-06 17:57:00,1177
2024-06-06 17:58:00,1178
2024-06-06 17:59:00,1179
2024-06-06 18:00:00,1180
2024-06-06 18:01:00,1181
2024-06-06 18:02:00,1182
2024-06-06 18:03:00,1183
2024-06-06 18:04:00,1184
2024-06-06 18:05:00,1185
2024-06-06 18:06:00,1186
2024-06-06 18:07:00,1187
2024-06-06 18:08:00,1188
2024-06-06 18:09:00,1189
2024-06-06 18:10:00,1190
2024-06-06 18:11:00,1191
2024-06-06 18:12:00,1192
2024-06-06 18:13:00,1193
2024-06-06 18:14:00,1194
2024-06-06 18:15:00,1195
2024-06-06 18:16:00,1196
2024-06-06 18:17:00,1197
2024-06-06 18:18:00,1198
2024-06-06 18:19:00,1199
2024-06-06 18:20:00,1200
2024-06-06 18:21:00,1201
2024-06-06 18:22:00,1202
2024-06-06 18:23:00,1203
2024-06-06 18:24:00,1204
2024-06-06 18:25:00,1205
2024-06-06 18:26:00,1206
2024-06-06 18:27:00,1207
2024-06-06 18:28:00,1208
2024-06-06 18:29:00,1209
2024-06-06 18:30:00,1210
2024-06-06 18:31:00,1211
2024-06-06 18:32:00,1212
2024-06-06 18:33:00,1213
2024-06-06 18:34:00,1214
2024-06-06 18:35:00,1215
2024-06-06 18:36:00,1216
2024-06-06 18:37:00,1217
2024-06-06 18:38:00,1218
2024-06-06 18:39:00,1219
2024-06-06 18:40:00,1220
2024-06-06 18:41:00,1221
2024-06-06 18:42:00,1222
2024-06-06 18:43:00,1223
2024-06-06 18:44:00,1224
2024-06-06 18:45:00,1225
2024-06-06 18:46:00,1226
2024-06-06 18:47:00,1227
2024-06-06 18:48:00,1228
2024-06-06 18:49:00,1229
2024-06-06 18:50:00,1230
2024-06-06 18:51:00,1231
2024-06-06 18:52:00,1232
2024-06-06 18:53:00,1233
2024-06-06 18:54:00,1234
2024-06-06 18:55:00,1235
2024-06-06 18:56:00,1236
2024-06-06 18:57:00,1237
2024-06-06 18:58:00,1238
2024-06-06 18:59:00,1239
2024-06-06 19:00:00,1240
2024-06-06 19:01:00,1241
2024-06-06 19:02:00,1242
2024-06-06 19:03:00,1243
2024-06-06 19:04:00,1244
2024-06-06 19:05:00,1245
2024-06-06 19:06:00,1246
2024-06-06 19:07:00,1247
2024-06-06 19:08:00,1248
2024-06-06 19:09:00,1249
2024-06-06 19:10:00,1250
2024-06-06 19:11:00,1251
2024-06-06 19:12:00,1252
2024-06-06 19:13:00,1253
2024-06-06 19:14:00,1254
2024-06-06 19:15:00,1255
2024-06-06 19:16:00,1256
2024-06-06 19:17:00,1257
2024-06-06 19:18:00,1258
2024-06-06 19:19:00,1259
2024-06-06 19:20:00,1260
2024-06-06 19:21:00,1261
2024-06-06 19:22:00,1262
2024-06-06 19:23:00,1263
2024-06-06 19:24:00,1264
2024-06-06 19:25:00,1265
2024-06-06 19:26:00,1266
2024-06-06 19:27:00,1267
2024-06-06 19:28:00,1268
2024-06-06 19:29:00,1269
2024-06-06 19:30:00,1270
2024-06-06 19:31:00,1271
2024-06-06 19:32:00,1272
2024-06-06 19:33:00,1273
2024-06-06 19:34:00,1274
2024-06-06 19:35:00,1275
2024-06-06 19:36:00,1276
2024-06-06 19:37:00,1277
2024-06-06 19:38:00,1278
2024-06-06 19:39:00,1279
2024-06-06 19:40:00,1280
2024-06-06 19:41:00,1281
2024-06-06 19:42:00,1282
2024-06-06 19:43:00,1283
2024-06-06 19:44:00,1284
2024-06-06 19:45:00,1285
2024-06-06 19:46:00,1286
2024-06-06 19:47:00,1287
2024-06-06 19:48:00,1288
2024-06-06 19:49:00,1289
2024-06-06 19:50:00,1290
2024-06-06 19:51:00,1291
2024-06-06 19:52:00,1292
2024-06-06 19:53:00,1293
2024-06-06 19:54:00,1294
2024-06-06 19:55:00,1295
2024-06-06 19:56:00,1296
2024-06-06 19:57:00,1297
2024-06-06 19:58:00,1298
2024-06-06 19:59:00,1299
2024-06-06 20:00:00,1300
2024-06-06 20:01:00,1301
2024-06-06 20:02:00,1302
2024-06-06 20:03:00,1303
2024-06-06 20:04:00,1304
2024-06-06 20:05:00,1305
2024-06-06 20:06:00,1306
2024-06-06 20:07:00,1307
2024-06-06 20:08:00,1308
2024-06-06 20:09:00,1309
2024-06-06 20:10:00,1310
2024-06-06 20:11:00,1311
2024-06-06 20:12:00,1312
2024-06-06 20:13:00,1313
2024-06-06 20:14:00,1314
2024-06-06 20:15:00,1315
2024-06-06 20:16:00,1316
2024-06-06 20:17:00,1317
2024-06-06 20:18:00,1318
2024-06-06 20:19:00,1319
2024-06-06 20:20:00,1320
2024-06-06 20:21:00,1321
2024-06-06 20:22:00,1322
2024-06-06 20:23:00,1323
2024-06-06 20:24:00,1324
2024-06-06 20:25:00,1325
2024-06-06 20:26:00,1326
2024-06-06 20:27:00,1327
2024-06-06 20:28:00,1328
2024-06-06 20:29:00,1329
2024-06-06 20:30:00,1330
2024-06-06 20:31:00,1331
2024-06-06 20:32:00,1332
2024-06-06 20:33:00,1333
2024-06-06 20:34:00,1334
2024-06-06 20:35:00,1335
2024-06-06 20:36:00,1336
2024-06-06 20:37:00,1337
2024-06-06 20:38:00,1338
2024-06-06 20:39:00,1339
2024-06-06 20:40:00,1340
2024-06-06 20:41:00,1341
2024-06-06 20:42:00,1342
2024-06-06 20:43:00,1343
2024-06-06 20:44:00,1344
2024-06-06 20:45:00,1345
2024-06-06 20:46:00,1346
2024-06-06 20:47:00,1347
2024-06-06 20:48:00,1348
2024-06-06 20:49:00,1349
2024-06-06 20:50:00,1350
2024-06-06 20:51:00,1351
2024-06-06 20:52:00,1352
2024-06-06 20:53:00,1353
2024-06-06 20:54:00,1354
2024-06-06 20:55:00,1355
2024-06-06 20:56:00,1356
2024-06-06 20:57:00,1357
2024-06-06 20:58:00,1358
2024-06-06 20:59:00,1359
2024-06-06 21:00:00,1360
2024-06-06 21:01:00,1361
2024-06-06 21:02:00,1362
2024-06-06 21:03:00,1363
2024-06-06 21:04:00,1364
2024-06-06 21:05:00,1365
2024-06-06 21:06:00,1366
2024-06-06 21:07:00,1367
2024-06-06 21:08:00,1368
2024-06-06 21:09:00,1369
2024-06-06 21:10:00,1370
2024-06-06 21:11:00,1371
2024-06-06 21:12:00,1372
2024-06-06 21:13:00,1373
2024-06-06 21:14:00,1374
2024-06-06 21:15:00,1375
2024-06-06 21:16:00,1376
2024-06-06 21:17:00,1377
2024-06-06 21:18:00,1378
2024-06-06 21:19:00,1379
2024-06-06 21:20:00,1380
2024-06-06 21:21:00,1381
2024-06-06 21:22:00,1382
2024-06-06 21:23:00,1383
2024-06-06 21:24:00,1384
2024-06-06 21:25:00,1385
2024-06-06 21:26:00,1386
2024-06-06 21:27:00,1387
2024-06-06 21:28:00,1388
2024-06-06 21:29:00,1389
2024-06-06 21:30:00,1390
2024-06-06 21:31:00,1391
2024-06-06 21:32:00,1392
2024-06-06 21:33:00,1393
2024-06-06 21:34:00,1394
2024-06-06 21:35:00,1395
2024-06-06 21:36:00,1396
2024-06-06 21:37:00,1397
2024-06-06 21:38:00,1398
2024-06-06 21:39:00,1399
2024-06-06 21:40:00,1400
2024-06-06 21:41:00,1401
2024-06-06 21:42:00,1402
2024-06-06 21:43:00,1403
2024-06-06 21:44:00,1404
2024-06-06 21:45:00,1405
2024-06-06 21:46:00,1406
2024-06-06 21:47:00,1407
2024-06-06 21:48:00,1408
2024-06-06 21:49:00,1409
2024-06-06 21:50:00,1410
2024-06-06 21:51:00,1411
2024-06-06 21:52:00,1412
2024-06-06 21:53:00,1413
2024-06-06 21:54:00,1414
2024-06-06 21:55:00,1415
2024-06-06 21:56:00,1416
2024-06-06 21:57:00,1417
2024-06-06 21:58:00,1418
2024-06-06 21:59:00,1419
2024-06-06 22:00:00,1420
2024-06-06 22:01:00,1421
2024-06-06 22:02:00,1422
2024-06-06 22:03:00,1423
2024-06-06 22:04:00,1424
2024-06-06 22:05:00,1425
2024-06-06 22:06:00,1426
2024-06-06 22:07:00,1427
2024-06-06 22:08:00,1428
2024-06-06 22:09:00,1429
2024-06-06 22:10:00,1430
2024-06-06 22:11:00,1431
2024-06-06 22:12:00,1432
2024-06-06 22:13:00,1433
2024-06-06 22:14:00,1434
2024-06-06 22:15:00,1435
2024-06-06 22:16:00,1436
2024-06-06 22:17:00,1437
2024-06-06 22:18:00,1438
2024-06-06 22:19:00,1439
2024-06-06 22:20:00,1440
2024-06-06 22:21:00,1441
2024-06-06 22:22:00,1442
2024-06-06 22:23:00,1443
2024-06-06 22:24:00,1444
2024-06-06 22:25:00,1445
2024-06-06 22:26:00,1446
2024-06-06 22:27:00,1447
2024-06-06 22:28:00,1448
2024-06-06 22:29:00,1449
2024-06-06 22:30:00,1450
2024-06-06 22:31:00,1451
2024-06-06 22:32:00,1452
2024-06-06 22:33:00,1453
2024-06-06 22:34:00,1454
2024-06-06 22:35:00,1455
2024-06-06 22:36:00,1456
2024-06-06 22:37:00,1457
2024-06-06 22:38:00,1458
2024-06-06 22:39:00,1459
2024-06-06 22:40:00,1460
2024-06-06 22:41:00,1461
2024-06-06 22:42:00,1462
2024-06-06 22:43:00,1463
2024-06-06 22:44:00,1464
2024-06-06 22:45:00,1465
2024-06-06 22:46:00,1466
2024-06-06 22:47:00,1467
2024-06-06 22:48:00,1468
2024-06-06 22:49:00,1469
2024-06-06 22:50:00,1470
2024-06-06 22:51:00,1471
2024-06-06 22:52:00,1472
2024-06-06 22:53:00,1473
2024-06-06 22:54:00,1474
2024-06-06 22:55:00,1475
2024-06-06 22:56:00,1476
2024-06-06 22:57:00,1477
2024-06-06 22:58:00,1478
2024-06-06 22:59:00,1479
2024-06-06 23:00:00,1480
2024-06-06 23:01:00,1481
2024-06-06 23:02:00,1482
2024-06-06 23:03:00,1483
2024-06-06 23:04:00,1484
2024-06-06 23:05:00,1485
2024-06-06 23:06:00,1486
2024-06-06 23:07:00,1487
2024-06-06 23:08:00,1488
2024-06-06 23:09:00,1489
2024-06-06 23:10:00,1490
2024-06-06 23:11:00,1491
2024-06-06 23:12:00,1492
2024-06-06 23:13:00,1493
2024-06-06 23:14:00,1494
2024-06-06 23:15:00,1495
2024-06-06 23:16:00,1496
2024-06-06 23:17:00,1497
2024-06-06 23:18:00,1498
2024-06-06 23:19:00,1499
2024-06-06 23:20:00,1500
2024-06-06 23:21:00,1501
2024-06-06 23:22:00,1502
2024-06-06 23:23:00,1503
2024-06-06 23:24:00,1504
2024-06-06 23:25:00,1505
2024-06-06 23:26:00,1506
2024-06-06 23:27:00,1507
2024-06-06 23:28:00,1508
2024-06-06 23:29:00,1509
2024-06-06 23:30:00,1510
2024-06-06 23:31:00,1511
2024-06-06 23:32:00,1512
2024-06-06 23:33:00,1513
2024-06-06 23:34:00,1514
2024-06-06 23:35:00,1515
2024-06-06 23:36:00,1516
2024-06-06 23:37:00,1517
2024-06-06 23:38:00,1518
2024-06-06 23:39:00,1519
2024-06-06 23:40:00,1520
2024-06-06 23:41:00,1521
2024-06-06 23:42:00,1522
2024-06-06 23:43:00,1523
2024-06-06 23:44:00,1524
2024-06-06 23:45:00,1525
2024-06-06 23:46:00,1526
2024-06-06 23:47:00,1527
2024-06-06 23:48:00,1528
2024-06-06 23:49:00,1529
2024-06-06 23:50:00,1530
2024-06-06 23:51:00,1531
2024-06-06 23:52:00,1532
2024-06-06 23:53:00,1533
2024-06-06 23:54:00,1534
2024-06-06 23:55:00,1535
2024-06-06 23:56:00,1536
2024-06-06 23:57:00,1537
2024-06-06 23:58:00,1538
2024-06-06 23:59:00,1539